model,fold,seed,condition,severity,window_accuracy,window_precision,window_recall,window_specificity,window_f1,window_auroc,window_tn,window_fp,window_fn,window_tp,window_loss,video_accuracy,video_precision,video_recall,video_specificity,video_f1,video_auroc,video_tn,video_fp,video_fn,video_tp,event_recall,detected_events,total_events,false_alarms,false_alarms_per_hour,mean_detection_delay_seconds
masked_bimamba,fold_0,seed_2026,clean,0.0,0.8219762845849803,0.331985294117647,0.6748878923766816,0.8393741159830269,0.445046821094135,0.8235005935731305,9495,1817,435,903,0.4353904756155645,0.7210526315789474,0.7150837988826816,0.9846153846153848,0.15,0.8284789644012944,0.7314102564102565,9,51,2,128,0.946153846153846,123,130,240,314.4562527296548,0.1902439024390244
masked_bimamba,fold_0,seed_2026,random_joint_drop,0.1,0.8401581027667984,0.3184713375796178,0.4484304932735426,0.8864922206506365,0.37243947858473,0.774546204620462,10028,1284,738,600,0.1667032612807194,0.7052631578947368,0.7151162790697675,0.946153846153846,0.1833333333333333,0.814569536423841,0.6423076923076922,11,49,7,123,0.8846153846153846,115,130,325,425.82617557140753,0.6208695652173913
masked_bimamba,fold_0,seed_2026,random_joint_drop,0.2,0.8932806324110671,0.4939148073022312,0.3639760837070254,0.9558875530410184,0.419104991394148,0.8129206678675555,10813,499,851,487,0.1240850257950102,0.7,0.738562091503268,0.8692307692307693,0.3333333333333333,0.7985865724381626,0.6106410256410256,20,40,17,113,0.7769230769230769,101,130,213,279.0799242975686,0.7861386138613863
masked_bimamba,fold_0,seed_2026,random_joint_drop,0.3,0.8682213438735178,0.3972517176764522,0.4753363228699551,0.914692362093352,0.432800272201429,0.8067770472194562,10347,965,702,636,0.0951532552223431,0.7157894736842105,0.7183908045977011,0.9615384615384616,0.1833333333333333,0.8223684210526315,0.5798717948717949,11,49,5,125,0.9230769230769232,120,130,363,475.6150822536029,0.531666666666667
masked_bimamba,fold_0,seed_2026,frame_drop,0.1,0.8295652173913044,0.3463561232156273,0.6890881913303438,0.8461810466760962,0.461,0.8317662183418855,9572,1740,416,922,0.3347108596928506,0.7105263157894737,0.7071823204419889,0.9846153846153848,0.1166666666666666,0.8231511254019293,0.7289743589743589,7,53,2,128,0.9615384615384616,125,130,235,307.905080797787,0.2464
masked_bimamba,fold_0,seed_2026,frame_drop,0.2,0.8345454545454546,0.3551975450709628,0.6920777279521674,0.8513967468175389,0.4694550063371355,0.8395453034252817,9631,1681,412,926,0.2556385179800478,0.7052631578947368,0.7032967032967034,0.9846153846153848,0.1,0.8205128205128206,0.7256410256410256,6,54,2,128,0.9615384615384616,125,130,236,309.21531518416054,0.2175999999999999
masked_bimamba,fold_0,seed_2026,frame_drop,0.3,0.8362845849802372,0.3603809523809523,0.7070254110612855,0.8515735502121641,0.4774160989149634,0.8433190912781221,9633,1679,392,946,0.2003174771362613,0.7,0.6972972972972973,0.9923076923076924,0.0666666666666666,0.8190476190476191,0.7178205128205128,4,56,1,129,0.9692307692307692,126,130,258,338.0404716843789,0.2126984126984126
masked_bimamba,fold_0,seed_2026,confidence_noise,0.1,0.8085375494071146,0.3121968121968122,0.6733931240657698,0.824522630834512,0.4266098484848485,0.8158128503032879,9327,1985,437,901,0.4544157483319755,0.7105263157894737,0.7071823204419889,0.9846153846153848,0.1166666666666666,0.8231511254019293,0.7257692307692307,7,53,2,128,0.946153846153846,123,130,256,335.42000291163174,0.1658536585365853
masked_bimamba,fold_0,seed_2026,confidence_noise,0.2,0.7958893280632411,0.2969973890339425,0.680119581464873,0.8095827439886846,0.4134484325306679,0.8053456731003018,9158,2154,428,910,0.4615794070409574,0.7,0.6994535519125683,0.9846153846153848,0.0833333333333333,0.817891373801917,0.7169230769230769,5,55,2,128,0.953846153846154,124,130,277,362.93492502547656,0.1596774193548387
masked_bimamba,fold_0,seed_2026,confidence_noise,0.3,0.7839525691699605,0.282642567778124,0.6778774289985052,0.7964992927864215,0.3989443589179678,0.7941105639631868,9010,2302,431,907,0.4544618854525944,0.6894736842105263,0.6939890710382514,0.9769230769230768,0.0666666666666666,0.8115015974440893,0.7055128205128205,4,56,3,127,0.953846153846154,124,130,298,390.4498471393214,0.1419354838709677
masked_bimamba,fold_0,seed_2026,lower_body_missing,1.0,0.3761264822134387,0.1364544042600399,0.9192825112107624,0.3118811881188119,0.2376352395672333,0.6837175239384924,3528,7784,108,1230,0.7528334657665298,0.6894736842105263,0.6878306878306878,1.0,0.0166666666666666,0.8150470219435736,0.4276923076923077,1,59,0,130,1.0,130,130,235,307.905080797787,-3.3692307692307693
masked_bimamba,fold_0,seed_3407,clean,0.0,0.8109090909090909,0.3184011026878015,0.6905829596412556,0.8251414427157001,0.4358490566037736,0.8159951375102277,9334,1978,414,924,0.4313669126622541,0.7052631578947368,0.7010869565217391,0.9923076923076924,0.0833333333333333,0.821656050955414,0.7623076923076924,5,55,1,129,0.9692307692307692,126,130,259,339.35070607075244,0.0285714285714286
masked_bimamba,fold_0,seed_3407,random_joint_drop,0.1,0.3999209486166007,0.1166155732679337,0.7107623318385651,0.3631541725601132,0.2003581586432108,0.6010063720577695,4108,7204,387,951,0.8182646103244525,0.6842105263157895,0.6842105263157895,1.0,0.0,0.8125000000000001,0.4844871794871795,0,60,0,130,0.9846153846153848,128,130,192,251.56500218372383,-4.793749999999997
masked_bimamba,fold_0,seed_3407,random_joint_drop,0.2,0.3523320158102767,0.1131053166271588,0.7488789237668162,0.3054278642149929,0.1965283907031479,0.5606221907024143,3455,7857,336,1002,0.779487100834903,0.6842105263157895,0.6842105263157895,1.0,0.0,0.8125000000000001,0.4479487179487179,0,60,0,130,1.0,130,130,150,196.53515795603423,-5.355384615384614
masked_bimamba,fold_0,seed_3407,random_joint_drop,0.3,0.2796047430830039,0.1164282190429205,0.8819133034379671,0.2083628005657708,0.2057003399285278,0.583121050333733,2357,8955,158,1180,0.8514359135684288,0.6842105263157895,0.6842105263157895,1.0,0.0,0.8125000000000001,0.4238461538461539,0,60,0,130,1.0,130,130,106,138.88484495559752,-6.37846153846154
masked_bimamba,fold_0,seed_3407,frame_drop,0.1,0.8036363636363636,0.3095079787234042,0.695814648729447,0.8163896746817539,0.4284399447768062,0.8190487950941154,9235,2077,407,931,0.3828214096636861,0.7105263157894737,0.7071823204419889,0.9846153846153848,0.1166666666666666,0.8231511254019293,0.7461538461538462,7,53,2,128,0.9615384615384616,125,130,257,336.7302372980053,0.0832
masked_bimamba,fold_0,seed_3407,frame_drop,0.2,0.7963636363636364,0.3013478818998716,0.7017937219730942,0.807549504950495,0.4216434665469241,0.8218725950509849,9135,2177,399,939,0.331358838232212,0.7105263157894737,0.7071823204419889,0.9846153846153848,0.1166666666666666,0.8231511254019293,0.7365384615384616,7,53,2,128,0.9615384615384616,125,130,263,344.5916436162467,-0.0479999999999999
masked_bimamba,fold_0,seed_3407,frame_drop,0.3,0.7910671936758893,0.2955186461924162,0.7047832585949177,0.8012729844413012,0.4164274674321043,0.8222449326931411,9064,2248,395,943,0.2826192742614112,0.7105263157894737,0.7071823204419889,0.9846153846153848,0.1166666666666666,0.8231511254019293,0.7371794871794872,7,53,2,128,0.9615384615384616,125,130,258,338.0404716843789,-0.0783999999999998
masked_bimamba,fold_0,seed_3407,confidence_noise,0.1,0.8102766798418972,0.3185235816814764,0.6965620328849028,0.8237270155586988,0.4371482176360226,0.8161901101625217,9318,1994,406,932,0.4203494564200873,0.6947368421052632,0.6956521739130435,0.9846153846153848,0.0666666666666666,0.8152866242038216,0.764102564102564,4,56,2,128,0.9769230769230768,127,130,270,353.7632843208616,0.0377952755905511
masked_bimamba,fold_0,seed_3407,confidence_noise,0.2,0.7952569169960474,0.3010171646535283,0.7077727952167414,0.8056046676096181,0.4223907225691347,0.8140745809045993,9113,2199,391,947,0.4092513184009392,0.6894736842105263,0.6918918918918919,0.9846153846153848,0.05,0.8126984126984128,0.7593589743589745,3,57,2,128,0.9769230769230768,127,130,296,387.8293783665743,0.0173228346456692
masked_bimamba,fold_0,seed_3407,confidence_noise,0.3,0.7753359683794466,0.2821552723059096,0.7279521674140508,0.780940594059406,0.4066805845511482,0.8103366690769014,8834,2478,364,974,0.4041496972150717,0.6842105263157895,0.6861702127659575,0.9923076923076924,0.0166666666666666,0.8113207547169812,0.7546153846153847,1,59,1,129,0.9769230769230768,127,130,313,410.1033629349248,-0.1401574803149606
masked_bimamba,fold_0,seed_3407,lower_body_missing,1.0,0.452094861660079,0.148636763412489,0.8841554559043349,0.400990099009901,0.2544906959234161,0.726431730897305,4536,6776,155,1183,0.50046430431807,0.6894736842105263,0.6878306878306878,1.0,0.0166666666666666,0.8150470219435736,0.483076923076923,1,59,0,130,1.0,130,130,277,362.93492502547656,-2.2507692307692326
masked_bimamba,fold_0,seed_42,clean,0.0,0.8052173913043478,0.3071917808219178,0.6704035874439462,0.8211633663366337,0.42132456552372,0.8159696675144774,9289,2023,441,897,0.3050357510795883,0.7578947368421053,0.7413793103448276,0.9923076923076924,0.25,0.8486842105263158,0.6441025641025641,15,45,1,129,0.9615384615384616,125,130,237,310.5255495705341,0.1056
masked_bimamba,fold_0,seed_42,random_joint_drop,0.1,0.4747826086956522,0.1496302165874273,0.8467862481315396,0.4307814710042433,0.254320987654321,0.6884632349365621,4873,6439,205,1133,0.5714106144264282,0.6842105263157895,0.6842105263157895,1.0,0.0,0.8125000000000001,0.5212820512820513,0,60,0,130,1.0,130,130,287,376.03726888921216,-3.049230769230769
masked_bimamba,fold_0,seed_42,random_joint_drop,0.2,0.3758893280632411,0.1353575798020242,0.9095665171898356,0.3127652050919378,0.2356472068932133,0.7146030816646687,3538,7774,121,1217,0.420550823569769,0.6842105263157895,0.6842105263157895,1.0,0.0,0.8125000000000001,0.5766666666666667,0,60,0,130,1.0,130,130,154,201.7760955015285,-5.510769230769229
masked_bimamba,fold_0,seed_42,random_joint_drop,0.3,0.2445059288537549,0.1202291839940855,0.9723467862481316,0.1584158415841584,0.2139978616662554,0.7220996513088208,1792,9520,37,1301,0.5344528545315558,0.6842105263157895,0.6842105263157895,1.0,0.0,0.8125000000000001,0.5837179487179488,0,60,0,130,1.0,130,130,69,90.40617265977576,-7.19230769230769
masked_bimamba,fold_0,seed_42,frame_drop,0.1,0.8040316205533596,0.3061501868841318,0.6733931240657698,0.8194837340876945,0.420929689324924,0.816184626350207,9270,2042,437,901,0.2719332248723436,0.7421052631578947,0.7288135593220338,0.9923076923076924,0.2,0.8403908794788274,0.6423076923076922,12,48,1,129,0.9769230769230768,127,130,239,313.14601834328124,0.0755905511811024
masked_bimamba,fold_0,seed_42,frame_drop,0.2,0.8003952569169961,0.3014386082301773,0.6733931240657698,0.8154172560113154,0.416454818581003,0.8102875129761534,9224,2088,437,901,0.2454195216686829,0.7368421052631579,0.7247191011235955,0.9923076923076924,0.1833333333333333,0.8376623376623376,0.647948717948718,11,49,1,129,0.9769230769230768,127,130,241,315.7664871160283,0.0818897637795276
masked_bimamba,fold_0,seed_42,frame_drop,0.3,0.7866403162055337,0.2832112137623447,0.6644245142002989,0.8010961810466761,0.397140942595488,0.8004142062188282,9062,2250,449,889,0.2292279295746987,0.7157894736842105,0.7087912087912088,0.9923076923076924,0.1166666666666666,0.8269230769230769,0.6596153846153847,7,53,1,129,0.9846153846153848,128,130,255,334.1097685252582,0.003125
masked_bimamba,fold_0,seed_42,confidence_noise,0.1,0.7879051383399209,0.2880554680113457,0.6831091180866966,0.8003005657708628,0.405231655952117,0.8073780532281287,9053,2259,424,914,0.3255136939258914,0.7368421052631579,0.7247191011235955,0.9923076923076924,0.1833333333333333,0.8376623376623376,0.637051282051282,11,49,1,129,0.9692307692307692,126,130,253,331.4892997525111,0.0365079365079365
masked_bimamba,fold_0,seed_42,confidence_noise,0.2,0.7531225296442687,0.2551440329218107,0.695067264573991,0.7599893917963225,0.3732691149909693,0.7916956053388811,8597,2715,408,930,0.3677369066059825,0.7157894736842105,0.7087912087912088,0.9923076923076924,0.1166666666666666,0.8269230769230769,0.6244871794871795,7,53,1,129,0.9692307692307692,126,130,278,364.2451594118501,-0.0412698412698412
masked_bimamba,fold_0,seed_42,confidence_noise,0.3,0.713201581027668,0.2264691829909221,0.7085201793721974,0.7137553041018387,0.3432295438088342,0.7735281315607538,8074,3238,390,948,0.4243579741334726,0.7052631578947368,0.7010869565217391,0.9923076923076924,0.0833333333333333,0.821656050955414,0.5982051282051282,5,55,1,129,0.9769230769230768,127,130,304,398.3112534575627,-0.1102362204724409
masked_bimamba,fold_0,seed_42,lower_body_missing,1.0,0.1634782608695652,0.1118575747396708,0.9955156950672646,0.065063649222065,0.2011173184357542,0.5924879963973335,736,10576,6,1332,3.3157907106753868,0.6842105263157895,0.6842105263157895,1.0,0.0,0.8125000000000001,0.471025641025641,0,60,0,130,1.0,130,130,63,82.54476634153438,-7.326153846153843
masked_bimamba,fold_1,seed_2026,clean,0.0,0.7948616600790513,0.2715376226826608,0.5582959641255605,0.8228429985855729,0.3653705062362435,0.7480613402067304,9308,2004,591,747,0.1643531629890792,0.7052631578947368,0.7228915662650602,0.9230769230769232,0.2333333333333333,0.810810810810811,0.6155128205128205,14,46,10,120,0.8615384615384616,112,130,233,305.28461202503985,0.1750000000000001
masked_bimamba,fold_1,seed_2026,random_joint_drop,0.1,0.5782608695652174,0.1698331405914422,0.7683109118086696,0.5557814710042432,0.2781761601948315,0.7373847870853709,6287,5025,310,1028,0.1600948275525579,0.6842105263157895,0.6842105263157895,1.0,0.0,0.8125000000000001,0.5964102564102565,0,60,0,130,0.9846153846153848,128,130,351,459.8922696171201,-1.6156249999999996
masked_bimamba,fold_1,seed_2026,random_joint_drop,0.2,0.4163636363636364,0.1400500178635227,0.8789237668161435,0.3616513437057991,0.2416024653312788,0.7275149820395236,4091,7221,162,1176,0.2001051886797893,0.6842105263157895,0.6842105263157895,1.0,0.0,0.8125000000000001,0.5833333333333334,0,60,0,130,0.9923076923076924,129,130,186,243.70359586548244,-4.275968992248063
masked_bimamba,fold_1,seed_2026,random_joint_drop,0.3,0.3481422924901186,0.1301135146712358,0.9080717488789236,0.2819130127298444,0.2276133383289621,0.7210634420264576,3189,8123,123,1215,0.214140504115655,0.6842105263157895,0.6842105263157895,1.0,0.0,0.8125000000000001,0.5174358974358975,0,60,0,130,1.0,130,130,122,159.8485951375745,-5.615384615384613
masked_bimamba,fold_1,seed_2026,frame_drop,0.1,0.8023715415019763,0.2904040404040404,0.601644245142003,0.8261138613861386,0.3917274939172749,0.7677793784343201,9345,1967,533,805,0.1305795591409969,0.7,0.7109826589595376,0.946153846153846,0.1666666666666666,0.8118811881188119,0.6392307692307692,10,50,7,123,0.8923076923076924,116,130,242,317.0767215024019,0.1241379310344829
masked_bimamba,fold_1,seed_2026,frame_drop,0.2,0.7962845849802371,0.289070480081716,0.6345291479820628,0.8154172560113154,0.3971929824561404,0.7839503150747491,9224,2088,489,849,0.1092244163779873,0.7,0.7039106145251397,0.9692307692307692,0.1166666666666666,0.8155339805825242,0.680897435897436,7,53,4,126,0.9307692307692308,121,130,266,348.5223467753674,0.0462809917355373
masked_bimamba,fold_1,seed_2026,frame_drop,0.3,0.778893280632411,0.2756075053829591,0.6696562032884903,0.7918140028288543,0.3904990193942035,0.7916166846905703,8957,2355,442,896,0.0987534840899729,0.6736842105263158,0.6847826086956522,0.9692307692307692,0.0333333333333333,0.802547770700637,0.7135897435897436,2,58,4,126,0.9384615384615383,122,130,291,381.2782064347064,-0.0147540983606555
masked_bimamba,fold_1,seed_2026,confidence_noise,0.1,0.7857707509881423,0.2618055555555555,0.5635276532137519,0.812057991513437,0.357515410146989,0.743738807737276,9186,2126,584,754,0.1693283159259279,0.7052631578947368,0.7228915662650602,0.9230769230769232,0.2333333333333333,0.810810810810811,0.6094871794871796,14,46,10,120,0.8615384615384616,112,130,238,311.8357839569077,0.1303571428571429
masked_bimamba,fold_1,seed_2026,confidence_noise,0.2,0.7697233201581027,0.2486434727098627,0.5822122571001495,0.7919024045261669,0.3484679042719749,0.7375673055374083,8958,2354,559,779,0.1736929562122454,0.6842105263157895,0.7058823529411765,0.9230769230769232,0.1666666666666666,0.8000000000000002,0.6047435897435898,10,50,10,120,0.8692307692307693,113,130,256,335.42000291163174,0.0460176991150443
masked_bimamba,fold_1,seed_2026,confidence_noise,0.3,0.7496442687747036,0.2336149140693271,0.5994020926756353,0.76741513437058,0.3361978620834207,0.7296173633618968,8681,2631,536,802,0.1768957520662089,0.6789473684210526,0.6949152542372882,0.946153846153846,0.1,0.8013029315960911,0.5966666666666667,6,54,7,123,0.8846153846153846,115,130,286,374.7270345028386,-0.0034782608695651
masked_bimamba,fold_1,seed_2026,lower_body_missing,1.0,0.7111462450592886,0.1293213828425096,0.3019431988041853,0.7595473833097596,0.1810847153742716,0.6339192225196255,8592,2720,934,404,0.1899207924064911,0.5947368421052631,0.673202614379085,0.7923076923076923,0.1666666666666666,0.7279151943462897,0.4173076923076922,10,50,27,103,0.6307692307692307,82,130,219,286.94133061581,-0.375609756097561
masked_bimamba,fold_1,seed_3407,clean,0.0,0.8515415019762845,0.3767123287671233,0.6165919282511211,0.8793316831683168,0.467687074829932,0.8074359305725576,9947,1365,513,825,0.0908525825023886,0.7210526315789474,0.7251461988304093,0.953846153846154,0.2166666666666666,0.823920265780731,0.7312820512820513,13,47,6,124,0.8769230769230769,114,130,209,273.8389867520744,0.2000000000000001
masked_bimamba,fold_1,seed_3407,random_joint_drop,0.1,0.4820553359683794,0.15543219666931,0.8789237668161435,0.4351131541725601,0.2641509433962264,0.7750343960565178,4922,6390,162,1176,0.1964439319009366,0.6842105263157895,0.6842105263157895,1.0,0.0,0.8125000000000001,0.6256410256410256,0,60,0,130,1.0,130,130,283,370.796331343718,-2.981538461538461
masked_bimamba,fold_1,seed_3407,random_joint_drop,0.2,0.3429249011857707,0.130614406779661,0.92152466367713,0.274487270155587,0.2287994061978103,0.743500559216716,3105,8207,105,1233,0.2349795909196491,0.6842105263157895,0.6842105263157895,1.0,0.0,0.8125000000000001,0.5887179487179488,0,60,0,130,1.0,130,130,145,189.98398602416643,-5.866153846153849
masked_bimamba,fold_1,seed_3407,random_joint_drop,0.3,0.2973122529644268,0.1243657347527609,0.9342301943198804,0.2219766619519095,0.219510053560453,0.7425670888277169,2511,8801,88,1250,0.2304082768189577,0.6842105263157895,0.6842105263157895,1.0,0.0,0.8125000000000001,0.6002564102564103,0,60,0,130,1.0,130,130,90,117.92109477362054,-6.4738461538461545
masked_bimamba,fold_1,seed_3407,frame_drop,0.1,0.8512252964426877,0.3779174147217235,0.6292974588938715,0.8774752475247525,0.4722378014582165,0.8153252534974831,9926,1386,496,842,0.0765057686018378,0.7368421052631579,0.7352941176470589,0.9615384615384616,0.25,0.8333333333333333,0.7492307692307691,15,45,5,125,0.9153846153846154,119,130,207,271.21851797932726,0.2537815126050419
masked_bimamba,fold_1,seed_3407,frame_drop,0.2,0.8453754940711462,0.3669250645994832,0.6367713004484304,0.870049504950495,0.4655737704918033,0.820251765126865,9842,1470,486,852,0.0672162515260721,0.7421052631578947,0.7341040462427746,0.9769230769230768,0.2333333333333333,0.8382838283828384,0.7698717948717949,14,46,3,127,0.9153846153846154,119,130,224,293.4925025476778,0.173109243697479
masked_bimamba,fold_1,seed_3407,frame_drop,0.3,0.8352569169960474,0.3504410585404972,0.6532137518684604,0.8567892503536068,0.4561586638830898,0.819020418017138,9692,1620,464,874,0.0627656768898483,0.7315789473684211,0.7206703910614525,0.9923076923076924,0.1666666666666666,0.8349514563106796,0.7998717948717948,10,50,1,129,0.9384615384615383,122,130,241,315.7664871160283,0.0245901639344263
masked_bimamba,fold_1,seed_3407,confidence_noise,0.1,0.8411857707509881,0.3571732652192422,0.6270553064275037,0.8665134370579916,0.4551125576349335,0.8073290953374646,9802,1510,499,839,0.0910397655060404,0.7105263157894737,0.711864406779661,0.9692307692307692,0.15,0.8208469055374592,0.7353846153846155,9,51,4,126,0.9076923076923076,118,130,228,298.733440093172,0.1542372881355932
masked_bimamba,fold_1,seed_3407,confidence_noise,0.2,0.8306719367588933,0.3413575374901342,0.6464872944693573,0.85245756718529,0.4467975206611571,0.8054299454208713,9643,1669,473,865,0.0909263192818098,0.6894736842105263,0.6939890710382514,0.9769230769230768,0.0666666666666666,0.8115015974440893,0.7380769230769231,4,56,3,127,0.9230769230769232,120,130,251,328.868830979764,0.1066666666666667
masked_bimamba,fold_1,seed_3407,confidence_noise,0.3,0.8171541501976285,0.322533673097925,0.6621823617339312,0.835484441301273,0.4337821297429621,0.8028611427366311,9451,1861,452,886,0.091186058348111,0.6842105263157895,0.6881720430107527,0.9846153846153848,0.0333333333333333,0.8101265822784811,0.7442307692307693,2,58,2,128,0.9307692307692308,121,130,286,374.7270345028386,0.0297520661157025
masked_bimamba,fold_1,seed_3407,lower_body_missing,1.0,0.1701185770750988,0.1117986099338871,0.985799701046338,0.0736386138613861,0.2008221680876979,0.7411340959928792,833,10479,19,1319,0.4426434489436771,0.6842105263157895,0.6842105263157895,1.0,0.0,0.8125000000000001,0.5011538461538462,0,60,0,130,1.0,130,130,63,82.54476634153438,-7.275384615384615
masked_bimamba,fold_1,seed_42,clean,0.0,0.8028458498023715,0.3017832647462277,0.6576980568011959,0.82001414427157,0.4137282557592853,0.7888012756272423,9276,2036,458,880,0.4594564956556196,0.7210526315789474,0.7175141242937854,0.9769230769230768,0.1666666666666666,0.8273615635179152,0.6778205128205128,10,50,3,127,0.9230769230769232,120,130,249,326.24836220701684,0.0450000000000001
masked_bimamba,fold_1,seed_42,random_joint_drop,0.1,0.2869565217391304,0.1223948092803775,0.9304932735426008,0.2108380480905233,0.2163336229365768,0.6661232406872974,2385,8927,93,1245,1.3563478566346905,0.6842105263157895,0.6842105263157895,1.0,0.0,0.8125000000000001,0.5373076923076923,0,60,0,130,1.0,130,130,105,137.57461056922398,-6.201538461538461
masked_bimamba,fold_1,seed_42,random_joint_drop,0.2,0.243794466403162,0.1180839212773858,0.9506726457399104,0.1601838755304102,0.2100743187448389,0.6067001218859874,1812,9500,66,1272,1.3217899029622435,0.6842105263157895,0.6842105263157895,1.0,0.0,0.8125000000000001,0.4519230769230769,0,60,0,130,1.0,130,130,78,102.1982821371378,-6.704615384615384
masked_bimamba,fold_1,seed_42,random_joint_drop,0.3,0.2244268774703557,0.116154752197155,0.9581464872944694,0.1376414427157001,0.2071919191919191,0.6242437624608073,1557,9755,56,1282,1.226565361004102,0.6842105263157895,0.6842105263157895,1.0,0.0,0.8125000000000001,0.4164102564102563,0,60,0,130,1.0,130,130,68,89.09593827340218,-7.055384615384612
masked_bimamba,fold_1,seed_42,frame_drop,0.1,0.798498023715415,0.2959218065385912,0.656203288490284,0.8153288543140028,0.407897793263647,0.7928542423829187,9223,2089,460,878,0.4062934774898081,0.7105263157894737,0.7071823204419889,0.9846153846153848,0.1166666666666666,0.8231511254019293,0.694102564102564,7,53,2,128,0.9384615384615383,122,130,265,347.21211238899383,0.0229508196721312
masked_bimamba,fold_1,seed_42,frame_drop,0.2,0.7974703557312253,0.2946308724832214,0.656203288490284,0.8141796322489392,0.4066697545159796,0.7943215916322574,9210,2102,460,878,0.350210274500338,0.7157894736842105,0.7111111111111111,0.9846153846153848,0.1333333333333333,0.8258064516129032,0.717051282051282,8,52,2,128,0.9384615384615383,122,130,267,349.83258116174096,-0.0327868852459015
masked_bimamba,fold_1,seed_42,frame_drop,0.3,0.7930434782608695,0.2897503285151117,0.6591928251121076,0.8088755304101839,0.402555910543131,0.791584640727045,9150,2162,456,882,0.2947449268430118,0.7052631578947368,0.7055555555555556,0.9769230769230768,0.1166666666666666,0.8193548387096774,0.7420512820512822,7,53,3,127,0.9230769230769232,120,130,284,372.10656573009146,-0.0716666666666665
masked_bimamba,fold_1,seed_42,confidence_noise,0.1,0.7840316205533597,0.2828660436137071,0.6786248131539612,0.7964992927864215,0.3992963940193491,0.7836289834941215,9010,2302,430,908,0.4758293794693329,0.6947368421052632,0.6956521739130435,0.9846153846153848,0.0666666666666666,0.8152866242038216,0.6716666666666666,4,56,2,128,0.9384615384615383,122,130,282,369.4860969573444,-0.0770491803278687
masked_bimamba,fold_1,seed_42,confidence_noise,0.2,0.7539920948616601,0.2567196928140428,0.6995515695067265,0.7604314002828855,0.3756019261637239,0.7778402249658022,8602,2710,402,936,0.4957835967314573,0.7,0.6972972972972973,0.9923076923076924,0.0666666666666666,0.8190476190476191,0.6701282051282053,4,56,1,129,0.9692307692307692,126,130,324,424.515941185034,-0.2301587301587301
masked_bimamba,fold_1,seed_42,confidence_noise,0.3,0.7237154150197629,0.2368870456208831,0.7257100149476831,0.7234794908062234,0.3571822696339893,0.7714625842789276,8184,3128,367,971,0.5186944719359808,0.6894736842105263,0.6898395721925134,0.9923076923076924,0.0333333333333333,0.8138801261829653,0.6673076923076923,2,58,1,129,0.9692307692307692,126,130,365,478.23555102635,-0.4761904761904761
masked_bimamba,fold_1,seed_42,lower_body_missing,1.0,0.5727272727272728,0.1760395093197387,0.8258594917787743,0.5427864214992928,0.2902166776099803,0.7300342652378626,6140,5172,233,1105,0.3364311489368616,0.7052631578947368,0.6989247311827957,1.0,0.0666666666666666,0.8227848101265823,0.4926923076923077,4,56,0,130,1.0,130,130,284,372.10656573009146,-1.1261538461538465
masked_bimamba,fold_2,seed_2026,clean,0.0,0.8460079051383399,0.3754084967320261,0.6868460388639761,0.8648338048090524,0.485472794506075,0.8558642699631911,9783,1529,419,919,0.0856562795946485,0.7473684210526316,0.7469879518072289,0.953846153846154,0.3,0.8378378378378377,0.7947435897435897,18,42,6,124,0.946153846153846,123,130,178,233.221720774494,0.1999999999999999
masked_bimamba,fold_2,seed_2026,random_joint_drop,0.1,0.607905138339921,0.2028224483098129,0.9237668161434978,0.5705445544554455,0.3326157158234661,0.891330330582706,6454,4858,102,1236,0.1306565710195439,0.6842105263157895,0.6842105263157895,1.0,0.0,0.8125000000000001,0.8515384615384616,0,60,0,130,1.0,130,130,339,444.1694569806374,-1.5215384615384615
masked_bimamba,fold_2,seed_2026,random_joint_drop,0.2,0.4922529644268775,0.1662071681764474,0.9461883408071748,0.438560820367751,0.2827470686767169,0.879958060067698,4961,6351,72,1266,0.1852644231880135,0.6842105263157895,0.6842105263157895,1.0,0.0,0.8125000000000001,0.8135897435897436,0,60,0,130,1.0,130,130,272,356.38375309360873,-3.266153846153847
masked_bimamba,fold_2,seed_2026,random_joint_drop,0.3,0.3829249011857707,0.1431251379386449,0.969357249626308,0.313560820367751,0.2494230769230769,0.8621361655704327,3547,7765,41,1297,0.2354254852547476,0.6842105263157895,0.6842105263157895,1.0,0.0,0.8125000000000001,0.7823076923076924,0,60,0,130,1.0,130,130,194,254.1854709564709,-5.609230769230768
masked_bimamba,fold_2,seed_2026,frame_drop,0.1,0.8590513833992095,0.4015050907481186,0.6778774289985052,0.8804809052333805,0.5043091465109814,0.862718077341046,9960,1352,431,907,0.0721533696678846,0.7368421052631579,0.7380952380952381,0.953846153846154,0.2666666666666666,0.832214765100671,0.7889743589743591,16,44,6,124,0.9307692307692308,121,130,173,226.67054884262612,0.224793388429752
masked_bimamba,fold_2,seed_2026,frame_drop,0.2,0.8562055335968379,0.3969138448349764,0.6920777279521674,0.8756188118811881,0.5044946880958867,0.863669783057742,9905,1407,412,926,0.0670112087567274,0.7315789473684211,0.7283236994219653,0.9692307692307692,0.2166666666666666,0.8316831683168316,0.7861538461538462,13,47,4,126,0.946153846153846,123,130,188,246.3240646382296,0.2162601626016259
masked_bimamba,fold_2,seed_2026,frame_drop,0.3,0.8418181818181818,0.3711620676253401,0.7137518684603886,0.856966053748232,0.4883661467655331,0.8530309228872919,9694,1618,383,955,0.0708202687515453,0.7210526315789474,0.7150837988826816,0.9846153846153848,0.15,0.8284789644012944,0.7793589743589743,9,51,2,128,0.946153846153846,123,130,246,322.31765904789614,0.1186991869918699
masked_bimamba,fold_2,seed_2026,confidence_noise,0.1,0.8420553359683794,0.367682437850842,0.6853512705530643,0.8605905233380481,0.4786012526096033,0.8532101708729489,9735,1577,421,917,0.0870201954457599,0.7473684210526316,0.7440476190476191,0.9615384615384616,0.2833333333333333,0.8389261744966442,0.7983333333333332,17,43,5,125,0.946153846153846,123,130,184,241.0831270927353,0.2260162601626016
masked_bimamba,fold_2,seed_2026,confidence_noise,0.2,0.8349407114624506,0.3549883990719257,0.6860986547085202,0.8525459688826026,0.4678899082568807,0.8495712980170536,9644,1668,420,918,0.0869061336554439,0.7421052631578947,0.7396449704142012,0.9615384615384616,0.2666666666666666,0.8361204013377925,0.7996153846153845,16,44,5,125,0.946153846153846,123,130,202,264.66734604745943,0.2292682926829269
masked_bimamba,fold_2,seed_2026,confidence_noise,0.3,0.8268774703557312,0.3411633109619686,0.6838565022421524,0.8437942008486563,0.4552238805970149,0.8442760495620351,9545,1767,423,915,0.086041258644504,0.7368421052631579,0.7352941176470589,0.9615384615384616,0.25,0.8333333333333333,0.8021794871794872,15,45,5,125,0.946153846153846,123,130,211,276.45945552482146,0.2195121951219514
masked_bimamba,fold_2,seed_2026,lower_body_missing,1.0,0.1646640316205533,0.1118681133821179,0.9940209267563528,0.066566478076379,0.2011038028275497,0.5709653874980707,753,10559,8,1330,2.746000700223116,0.6842105263157895,0.6842105263157895,1.0,0.0,0.8125000000000001,0.3252564102564102,0,60,0,130,1.0,130,130,63,82.54476634153438,-7.319999999999997
masked_bimamba,fold_2,seed_3407,clean,0.0,0.8465612648221343,0.382547721075185,0.7339312406576981,0.8598833097595474,0.5029449423815621,0.8595244173680661,9727,1585,356,982,0.1568975646999985,0.7368421052631579,0.7298850574712644,0.9769230769230768,0.2166666666666666,0.8355263157894737,0.8211538461538461,13,47,3,127,0.9615384615384616,125,130,199,260.73664288833874,0.1967999999999999
masked_bimamba,fold_2,seed_3407,random_joint_drop,0.1,0.7547035573122529,0.2761856454476287,0.8139013452914798,0.7477015558698727,0.4124218897935997,0.8638061515953005,8458,2854,249,1089,0.1449077643666107,0.6894736842105263,0.6878306878306878,1.0,0.0166666666666666,0.8150470219435736,0.8135897435897437,1,59,0,130,1.0,130,130,403,528.0244577085454,-0.2830769230769229
masked_bimamba,fold_2,seed_3407,random_joint_drop,0.2,0.6777075098814229,0.2264829239065308,0.8475336322869955,0.6576202263083452,0.3574468085106382,0.8499770340583065,7439,3873,204,1134,0.1881261045541687,0.6842105263157895,0.6842105263157895,1.0,0.0,0.8125000000000001,0.7694871794871795,0,60,0,130,1.0,130,130,393,514.9221138448097,-1.3000000000000005
masked_bimamba,fold_2,seed_3407,random_joint_drop,0.3,0.5522529644268774,0.1796504739336493,0.906576980568012,0.5103429985855729,0.299876390605686,0.8409457898063989,5773,5539,125,1213,0.238596184684825,0.6842105263157895,0.6842105263157895,1.0,0.0,0.8125000000000001,0.7580769230769231,0,60,0,130,1.0,130,130,307,402.2419566166834,-2.8892307692307697
masked_bimamba,fold_2,seed_3407,frame_drop,0.1,0.8411857707509881,0.3742974896965155,0.7466367713004485,0.8523691654879774,0.4986274020464187,0.8627775073311303,9642,1670,339,999,0.1292174927872631,0.7210526315789474,0.7150837988826816,0.9846153846153848,0.15,0.8284789644012944,0.8282051282051283,9,51,2,128,0.9615384615384616,125,130,218,285.6310962294364,0.1632
masked_bimamba,fold_2,seed_3407,frame_drop,0.2,0.8253754940711463,0.3497757847533632,0.757847533632287,0.8333628005657708,0.4786405475572339,0.8622796036009752,9427,1885,324,1014,0.1100509725481625,0.7210526315789474,0.712707182320442,0.9923076923076924,0.1333333333333333,0.8295819935691319,0.8378205128205128,8,52,1,129,0.9615384615384616,125,130,247,323.6278934342697,0.104
masked_bimamba,fold_2,seed_3407,frame_drop,0.3,0.7911462450592885,0.3064133016627078,0.7713004484304933,0.7934936350777935,0.4385890352741182,0.8569661858882879,8976,2336,306,1032,0.100502426818661,0.7052631578947368,0.6989247311827957,1.0,0.0666666666666666,0.8227848101265823,0.8417948717948719,4,56,0,130,0.9923076923076924,129,130,296,387.8293783665743,-0.193798449612403
masked_bimamba,fold_2,seed_3407,confidence_noise,0.1,0.8412648221343874,0.3739653875094055,0.7428998505231689,0.8528995756718529,0.4974974974974975,0.8632530133218319,9648,1664,344,994,0.1603707242259395,0.7315789473684211,0.7231638418079096,0.9846153846153848,0.1833333333333333,0.8338762214983714,0.8257692307692308,11,49,2,128,0.9692307692307692,126,130,211,276.45945552482146,0.1476190476190476
masked_bimamba,fold_2,seed_3407,confidence_noise,0.2,0.83699604743083,0.3687454677302393,0.7600896860986547,0.8460926449787836,0.4965820312499999,0.86657038942203,9571,1741,321,1017,0.1622878192594871,0.7210526315789474,0.712707182320442,0.9923076923076924,0.1333333333333333,0.8295819935691319,0.8355128205128205,8,52,1,129,0.9923076923076924,129,130,217,284.32086184306286,0.1426356589147287
masked_bimamba,fold_2,seed_3407,confidence_noise,0.3,0.830197628458498,0.3586880669923238,0.7683109118086696,0.8375176803394625,0.4890580399619409,0.8680950874555744,9474,1838,310,1028,0.1601625764240389,0.7210526315789474,0.712707182320442,0.9923076923076924,0.1333333333333333,0.8295819935691319,0.846153846153846,8,52,1,129,0.9923076923076924,129,130,230,301.35390886591915,0.1007751937984496
masked_bimamba,fold_2,seed_3407,lower_body_missing,1.0,0.1678260869565217,0.1119182363375285,0.9902840059790732,0.0705445544554455,0.2011079911967822,0.5747482269447317,798,10514,13,1325,1.8704061231123128,0.6842105263157895,0.6842105263157895,1.0,0.0,0.8125000000000001,0.3419230769230769,0,60,0,130,1.0,130,130,63,82.54476634153438,-7.293846153846152
masked_bimamba,fold_2,seed_42,clean,0.0,0.8526482213438735,0.39159109645507,0.7100149476831091,0.8695190947666195,0.5047821466524973,0.8512079186778383,9836,1476,388,950,0.0667866770032307,0.7368421052631579,0.7298850574712644,0.9769230769230768,0.2166666666666666,0.8355263157894737,0.8628205128205128,13,47,3,127,0.953846153846154,124,130,201,263.35711166108587,0.164516129032258
masked_bimamba,fold_2,seed_42,random_joint_drop,0.1,0.4320158102766798,0.149250149970006,0.929745889387145,0.3731435643564356,0.2572107929287708,0.8558700180556174,4221,7091,94,1244,0.2053013285794277,0.6842105263157895,0.6842105263157895,1.0,0.0,0.8125000000000001,0.8151282051282053,0,60,0,130,1.0,130,130,251,328.868830979764,-4.279999999999999
masked_bimamba,fold_2,seed_42,random_joint_drop,0.2,0.3294861660079051,0.133264887063655,0.9701046337817638,0.2537128712871287,0.2343383282180899,0.8427033186182167,2870,8442,40,1298,0.2846242709145715,0.6842105263157895,0.6842105263157895,1.0,0.0,0.8125000000000001,0.7702564102564103,0,60,0,130,1.0,130,130,153,200.4658611151549,-6.030769230769224
masked_bimamba,fold_2,seed_42,random_joint_drop,0.3,0.2506719367588932,0.1217358981507294,0.9790732436472348,0.164515558698727,0.2165468220514091,0.8296182156652564,1861,9451,28,1310,0.3550375962163148,0.6842105263157895,0.6842105263157895,1.0,0.0,0.8125000000000001,0.768076923076923,0,60,0,130,1.0,130,130,81,106.12898529625848,-7.021538461538458
masked_bimamba,fold_2,seed_42,frame_drop,0.1,0.8572332015810277,0.3990509059534081,0.6913303437967115,0.8768564356435643,0.5060175054704595,0.8443266922384102,9919,1393,413,925,0.0599736259812894,0.7263157894736842,0.7241379310344828,0.9692307692307692,0.2,0.8289473684210527,0.856025641025641,12,48,4,126,0.946153846153846,123,130,199,260.73664288833874,0.175609756097561
masked_bimamba,fold_2,seed_42,frame_drop,0.2,0.8467193675889328,0.3767937679376794,0.6868460388639761,0.8656294200848657,0.4866296002118083,0.8304589567701164,9792,1520,419,919,0.0591851584480803,0.7210526315789474,0.72,0.9692307692307692,0.1833333333333333,0.8262295081967213,0.8501282051282051,11,49,4,126,0.953846153846154,124,130,235,307.905080797787,0.1774193548387095
masked_bimamba,fold_2,seed_42,frame_drop,0.3,0.8183399209486166,0.3265895953757225,0.6756352765321375,0.8352192362093352,0.4403312226010715,0.8017784862246635,9448,1864,434,904,0.066050676703453,0.7210526315789474,0.712707182320442,0.9923076923076924,0.1333333333333333,0.8295819935691319,0.8494871794871794,8,52,1,129,0.9384615384615383,122,130,265,347.21211238899383,0.1114754098360656
masked_bimamba,fold_2,seed_42,confidence_noise,0.1,0.8427667984189723,0.3744697261858851,0.7257100149476831,0.8566124469589816,0.4940218773848894,0.8503960501751648,9690,1622,367,971,0.0696138922288542,0.7315789473684211,0.7257142857142858,0.9769230769230768,0.2,0.8327868852459017,0.8632051282051282,12,48,3,127,0.953846153846154,124,130,218,285.6310962294364,0.0951612903225806
masked_bimamba,fold_2,seed_42,confidence_noise,0.2,0.8231620553359684,0.3434343434343434,0.7369207772795217,0.8333628005657708,0.4685198384414349,0.8473749981500392,9427,1885,352,986,0.0748557713183136,0.7105263157894737,0.7094972067039106,0.9769230769230768,0.1333333333333333,0.8220064724919094,0.8625641025641025,8,52,3,127,0.953846153846154,124,130,246,322.31765904789614,0.0112903225806451
masked_bimamba,fold_2,seed_42,confidence_noise,0.3,0.7994466403162055,0.3132980379943942,0.7518684603886397,0.8050742574257426,0.442295009892284,0.8424668870234235,9107,2205,332,1006,0.0812008904250478,0.7,0.6994535519125683,0.9846153846153848,0.0833333333333333,0.817891373801917,0.8593589743589743,5,55,2,128,0.9692307692307692,126,130,286,374.7270345028386,-0.0634920634920634
masked_bimamba,fold_2,seed_42,lower_body_missing,1.0,0.1656916996047431,0.1117290192113245,0.9910313901345292,0.068069306930693,0.2008178100863244,0.5942704005746506,770,10542,12,1326,2.1988911646439626,0.6842105263157895,0.6842105263157895,1.0,0.0,0.8125000000000001,0.4417948717948718,0,60,0,130,1.0,130,130,63,82.54476634153438,-7.31076923076923
masked_bimamba,fold_3,seed_2026,clean,0.0,0.8548616600790514,0.4031128404669261,0.7742899850523169,0.8643917963224894,0.5301944728761515,0.873254297723174,9778,1534,302,1036,0.386586547787835,0.7052631578947368,0.7055555555555556,0.9769230769230768,0.1166666666666666,0.8193548387096774,0.795897435897436,7,53,3,127,0.9615384615384616,125,130,227,297.42320570679846,0.1359999999999999
masked_bimamba,fold_3,seed_2026,random_joint_drop,0.1,0.8852173913043478,0.471356783919598,0.7010463378176383,0.907001414427157,0.563701923076923,0.8850122850609854,10260,1052,400,938,0.1523604596325236,0.7210526315789474,0.7150837988826816,0.9846153846153848,0.15,0.8284789644012944,0.8247435897435897,9,51,2,128,0.9846153846153848,128,130,233,305.28461202503985,0.3484374999999999
masked_bimamba,fold_3,seed_2026,random_joint_drop,0.2,0.8815810276679842,0.4604743083003952,0.6965620328849028,0.9034653465346536,0.5544318857822724,0.8810222169718573,10220,1092,406,932,0.1798541331270584,0.7368421052631579,0.7222222222222222,1.0,0.1666666666666666,0.8387096774193548,0.7676923076923077,10,50,0,130,1.0,130,130,191,250.25476779735027,0.4415384615384615
masked_bimamba,fold_3,seed_2026,random_joint_drop,0.3,0.8333596837944665,0.3640536723163842,0.7705530642750373,0.8407885431400283,0.494484412470024,0.8736267675053859,9511,1801,307,1031,0.1976124265848883,0.6947368421052632,0.6914893617021277,1.0,0.0333333333333333,0.8176100628930818,0.737948717948718,2,58,0,130,1.0,130,130,311,407.4828941621777,0.1292307692307693
masked_bimamba,fold_3,seed_2026,frame_drop,0.1,0.8542292490118577,0.4022411128284389,0.7780269058295964,0.8632425742574258,0.5303107488537953,0.8765649346805277,9765,1547,297,1041,0.3386887937064168,0.7105263157894737,0.7094972067039106,0.9769230769230768,0.1333333333333333,0.8220064724919094,0.7930769230769231,8,52,3,127,0.9692307692307692,126,130,215,281.7003930703157,0.1126984126984126
masked_bimamba,fold_3,seed_2026,frame_drop,0.2,0.8499604743083004,0.3949737434358589,0.7869955156950673,0.8574080622347949,0.5259740259740259,0.8771895937591838,9699,1613,285,1053,0.2954635208945265,0.7,0.6994535519125683,0.9846153846153848,0.0833333333333333,0.817891373801917,0.7837179487179486,5,55,2,128,0.9692307692307692,126,130,223,292.18226816130425,0.1079365079365079
masked_bimamba,fold_3,seed_2026,frame_drop,0.3,0.843399209486166,0.3835566823614632,0.7914798206278026,0.8495403111739745,0.5167113930226884,0.8756845515589357,9610,1702,279,1059,0.2565882883282754,0.7210526315789474,0.712707182320442,0.9923076923076924,0.1333333333333333,0.8295819935691319,0.7806410256410257,8,52,1,129,0.9846153846153848,128,130,241,315.7664871160283,0.0890625000000001
masked_bimamba,fold_3,seed_2026,confidence_noise,0.1,0.8481422924901186,0.3910280373831776,0.7817638266068759,0.8559936350777935,0.5213057562920509,0.8716031416562541,9683,1629,292,1046,0.3827250390155278,0.7052631578947368,0.7055555555555556,0.9769230769230768,0.1166666666666666,0.8193548387096774,0.8044871794871796,7,53,3,127,0.9615384615384616,125,130,238,311.8357839569077,0.0736
masked_bimamba,fold_3,seed_2026,confidence_noise,0.2,0.8371541501976285,0.3719858156028369,0.7840059790732437,0.843440594059406,0.5045695045695047,0.8689522799973785,9541,1771,289,1049,0.3786249627691248,0.7,0.7039106145251397,0.9692307692307692,0.1166666666666666,0.8155339805825242,0.8150641025641026,7,53,4,126,0.953846153846154,124,130,260,340.660940457126,-0.0241935483870967
masked_bimamba,fold_3,seed_2026,confidence_noise,0.3,0.827905138339921,0.3567770570160464,0.78101644245142,0.8334512022630834,0.4898054839465667,0.8653537759285217,9428,1884,293,1045,0.3671357410869344,0.7052631578947368,0.7055555555555556,0.9769230769230768,0.1166666666666666,0.8193548387096774,0.8266666666666667,7,53,3,127,0.9615384615384616,125,130,280,366.86562818459726,0.0896
masked_bimamba,fold_3,seed_2026,lower_body_missing,1.0,0.1647430830039525,0.1118122160524987,0.9932735426008968,0.0667432814710042,0.2009981851179673,0.6484184883494756,755,10557,9,1329,4.565733849446293,0.6842105263157895,0.6842105263157895,1.0,0.0,0.8125000000000001,0.3203846153846154,0,60,0,130,1.0,130,130,63,82.54476634153438,-7.318461538461536
masked_bimamba,fold_3,seed_3407,clean,0.0,0.8362845849802372,0.3690603787066809,0.7720478325859492,0.8438826025459689,0.4993956973652406,0.8737541835541659,9546,1766,305,1033,0.3210725654231701,0.7368421052631579,0.7272727272727273,0.9846153846153848,0.2,0.8366013071895426,0.8456410256410256,12,48,2,128,0.9769230769230768,127,130,203,265.977580433833,0.1165354330708661
masked_bimamba,fold_3,seed_3407,random_joint_drop,0.1,0.8476679841897233,0.3750530335171828,0.6606875934230194,0.8697842998585573,0.4784844384303112,0.8407074091457832,9839,1473,454,884,0.1005026642024045,0.7105263157894737,0.7071823204419889,0.9846153846153848,0.1166666666666666,0.8231511254019293,0.8214102564102564,7,53,2,128,0.9769230769230768,127,130,372,487.4071917309649,0.3070866141732283
masked_bimamba,fold_3,seed_3407,random_joint_drop,0.2,0.8183399209486166,0.3244330651060716,0.6629297458893871,0.8367220650636492,0.4356581532416502,0.821438713177852,9465,1847,451,887,0.1142059511523472,0.6947368421052632,0.6914893617021277,1.0,0.0333333333333333,0.8176100628930818,0.7361538461538462,2,58,0,130,0.9923076923076924,129,130,465,609.2589896637062,0.0418604651162791
masked_bimamba,fold_3,seed_3407,random_joint_drop,0.3,0.6795256916996048,0.22,0.79745889387145,0.665576379066478,0.3448610213316095,0.8124554357661903,7529,3783,271,1067,0.1756828326964566,0.6842105263157895,0.6842105263157895,1.0,0.0,0.8125000000000001,0.7087179487179487,0,60,0,130,1.0,130,130,461,604.0180521182119,-1.0646153846153843
masked_bimamba,fold_3,seed_3407,frame_drop,0.1,0.8362845849802372,0.3707231040564374,0.7855007473841554,0.8422913719943423,0.5037143541816439,0.8791970654864975,9528,1784,287,1051,0.2791539859135631,0.7368421052631579,0.7272727272727273,0.9846153846153848,0.2,0.8366013071895426,0.8412820512820514,12,48,2,128,0.9769230769230768,127,130,211,276.45945552482146,0.1023622047244094
masked_bimamba,fold_3,seed_3407,frame_drop,0.2,0.8294861660079051,0.3610451306413301,0.7952167414050823,0.8335396039603961,0.4966161026837806,0.8818195170333819,9429,1883,274,1064,0.23921716216289,0.7421052631578947,0.7262569832402235,1.0,0.1833333333333333,0.8414239482200647,0.8333333333333333,11,49,0,130,0.9923076923076924,129,130,234,306.5948464114134,0.1131782945736433
masked_bimamba,fold_3,seed_3407,frame_drop,0.3,0.8198418972332016,0.3453828458757805,0.7855007473841554,0.8239038189533239,0.4797991326181237,0.8781525313806204,9320,1992,287,1051,0.2013127437846462,0.7263157894736842,0.7142857142857143,1.0,0.1333333333333333,0.8333333333333333,0.832948717948718,8,52,0,130,0.9923076923076924,129,130,257,336.7302372980053,0.1100775193798449
masked_bimamba,fold_3,seed_3407,confidence_noise,0.1,0.835098814229249,0.3669039145907473,0.7705530642750373,0.8427333804809052,0.4971070395371263,0.8726406062691471,9533,1779,307,1031,0.3182199590408754,0.7315789473684211,0.7231638418079096,0.9846153846153848,0.1833333333333333,0.8338762214983714,0.8466666666666667,11,49,2,128,0.9769230769230768,127,130,224,293.4925025476778,0.1086614173228346
masked_bimamba,fold_3,seed_3407,confidence_noise,0.2,0.8340711462450593,0.3669115075201119,0.7840059790732437,0.839992927864215,0.4998808672861568,0.8717020484880006,9502,1810,289,1049,0.3073325265832098,0.7263157894736842,0.7166666666666667,0.9923076923076924,0.15,0.8322580645161289,0.8456410256410256,9,51,1,129,0.9846153846153848,128,130,236,309.21531518416054,0.0406250000000001
masked_bimamba,fold_3,seed_3407,confidence_noise,0.3,0.8320948616600791,0.3642955801104972,0.7884902840059791,0.8372524752475248,0.4983467170524327,0.8717143705482016,9471,1841,283,1055,0.2904632559406899,0.7263157894736842,0.7191011235955056,0.9846153846153848,0.1666666666666666,0.8311688311688311,0.8467948717948718,10,50,2,128,0.9846153846153848,128,130,250,327.5585965933904,0.0500000000000001
masked_bimamba,fold_3,seed_3407,lower_body_missing,1.0,0.1708300395256917,0.1122786204558935,0.9902840059790732,0.0739038189533239,0.2016896263033716,0.551320422721324,836,10476,13,1325,1.6275574355257358,0.6842105263157895,0.6842105263157895,1.0,0.0,0.8125000000000001,0.2623076923076923,0,60,0,130,1.0,130,130,65,85.1652351142815,-7.247692307692306
masked_bimamba,fold_3,seed_42,clean,0.0,0.8682213438735178,0.4310850439882698,0.7690582959641256,0.879950495049505,0.5524832214765101,0.874102075286004,9954,1358,309,1029,0.331783874510261,0.7315789473684211,0.7257142857142858,0.9769230769230768,0.2,0.8327868852459017,0.8035897435897436,12,48,3,127,0.9615384615384616,125,130,181,237.15242393361464,0.1535999999999999
masked_bimamba,fold_3,seed_42,random_joint_drop,0.1,0.7055335968379447,0.2395810604407593,0.820627802690583,0.6919200848656294,0.3708832967404155,0.8354790235589864,7827,3485,240,1098,0.2636516096881727,0.6789473684210526,0.6825396825396826,0.9923076923076924,0.0,0.8087774294670846,0.7376923076923076,0,60,1,129,0.9923076923076924,129,130,476,623.6715679138154,-0.7534883720930232
masked_bimamba,fold_3,seed_42,random_joint_drop,0.2,0.7089328063241107,0.2397868561278863,0.8071748878923767,0.6973125884016973,0.3697363916466963,0.8303900457310304,7888,3424,258,1080,0.213718408818537,0.6842105263157895,0.6842105263157895,1.0,0.0,0.8125000000000001,0.7092307692307692,0,60,0,130,1.0,130,130,519,680.0116465278785,-0.8907692307692302
masked_bimamba,fold_3,seed_42,random_joint_drop,0.3,0.5050592885375494,0.1640507711205131,0.898355754857997,0.458539603960396,0.2774379688401615,0.816589800796223,5187,6125,136,1202,0.374053004212059,0.6842105263157895,0.6842105263157895,1.0,0.0,0.8125000000000001,0.6735897435897437,0,60,0,130,1.0,130,130,285,373.416800116465,-3.066153846153848
masked_bimamba,fold_3,seed_42,frame_drop,0.1,0.8623715415019763,0.4187827488915759,0.7765321375186846,0.8725247524752475,0.5441214977742864,0.8783463808424403,9870,1442,299,1039,0.2774465808643786,0.7263157894736842,0.7215909090909091,0.9769230769230768,0.1833333333333333,0.8300653594771242,0.8041025641025641,11,49,3,127,0.9692307692307692,126,130,206,269.9082835929537,0.1492063492063491
masked_bimamba,fold_3,seed_42,frame_drop,0.2,0.8545454545454545,0.403387220939184,0.7832585949177877,0.862977369165488,0.5325203252032521,0.8804984137907704,9762,1550,290,1048,0.2301083952844834,0.7263157894736842,0.7241379310344828,0.9692307692307692,0.2,0.8289473684210527,0.8201282051282052,12,48,4,126,0.953846153846154,124,130,226,296.1129713204249,0.1225806451612903
masked_bimamba,fold_3,seed_42,frame_drop,0.3,0.8369169960474309,0.3718628490632732,0.7862481315396114,0.8429101838755304,0.5049196064314854,0.8777349357693617,9535,1777,286,1052,0.1964188409799143,0.7105263157894737,0.7094972067039106,0.9769230769230768,0.1333333333333333,0.8220064724919094,0.8465384615384616,8,52,3,127,0.953846153846154,124,130,254,332.79953413888467,0.1
masked_bimamba,fold_3,seed_42,confidence_noise,0.1,0.8626877470355732,0.419132549655452,0.772795216741405,0.8733203677510608,0.5434954007884363,0.8734535649272808,9879,1433,304,1034,0.3401796933422564,0.7210526315789474,0.7150837988826816,0.9846153846153848,0.15,0.8284789644012944,0.7988461538461538,9,51,2,128,0.9769230769230768,127,130,204,267.28781482020656,0.1511811023622046
masked_bimamba,fold_3,seed_42,confidence_noise,0.2,0.8536758893280633,0.4014598540145985,0.78101644245142,0.8622701555869873,0.5303222532352194,0.8713112112380361,9754,1558,293,1045,0.3533546135716302,0.7105263157894737,0.7071823204419889,0.9846153846153848,0.1166666666666666,0.8231511254019293,0.7938461538461539,7,53,2,128,0.9769230769230768,127,130,224,293.4925025476778,0.116535433070866
masked_bimamba,fold_3,seed_42,confidence_noise,0.3,0.8404743083003953,0.3785714285714285,0.7922272047832586,0.8461810466760962,0.512324794586757,0.8676521539886213,9572,1740,278,1060,0.3656562399539062,0.7105263157894737,0.7049180327868853,0.9923076923076924,0.1,0.8242811501597443,0.7929487179487179,6,54,1,129,0.9923076923076924,129,130,265,347.21211238899383,0.0728682170542635
masked_bimamba,fold_3,seed_42,lower_body_missing,1.0,0.175494071146245,0.1132380466224264,0.9947683109118086,0.078589108910891,0.2033302780323862,0.5242189597723386,889,10423,7,1331,1.5279017484235198,0.6842105263157895,0.6842105263157895,1.0,0.0,0.8125000000000001,0.3344871794871795,0,60,0,130,1.0,130,130,70,91.71640704614931,-7.1830769230769205
tcnte,fold_0,seed_2026,clean,0.0,0.8981818181818182,0.5154702970297029,0.6225710014947683,0.9307814710042432,0.5639810426540284,0.8733470600423272,10529,783,505,833,0.0479620095990274,0.7947368421052632,0.7791411042944786,0.9769230769230768,0.4,0.8668941979522184,0.7603846153846153,24,36,3,127,0.9692307692307692,126,130,147,192.6044547969136,0.3777777777777776
tcnte,fold_0,seed_2026,random_joint_drop,0.1,0.8257707509881423,0.2772633744855967,0.4028400597907324,0.8757956152758133,0.3284582571602681,0.7451764585090797,9907,1405,799,539,0.0701154800619296,0.6894736842105263,0.7100591715976331,0.9230769230769232,0.1833333333333333,0.802675585284281,0.5576923076923076,11,49,10,120,0.8307692307692308,108,130,351,459.8922696171201,0.4444444444444443
tcnte,fold_0,seed_2026,random_joint_drop,0.2,0.7529644268774703,0.2210427724008742,0.5291479820627802,0.7794377652050919,0.3118255890772957,0.7306847907324365,8817,2495,630,708,0.085175609368345,0.6578947368421053,0.6775956284153005,0.953846153846154,0.0166666666666666,0.7923322683706071,0.4975641025641026,1,59,6,124,0.9384615384615383,122,130,535,700.9753967098554,-0.0704918032786884
tcnte,fold_0,seed_2026,random_joint_drop,0.3,0.5025296442687747,0.1549923408995961,0.8318385650224215,0.4635785007072135,0.2612982744453574,0.707448391379817,5244,6068,225,1113,0.176834968076393,0.6842105263157895,0.6842105263157895,1.0,0.0,0.8125000000000001,0.468076923076923,0,60,0,130,1.0,130,130,258,338.0404716843789,-3.2538461538461543
tcnte,fold_0,seed_2026,frame_drop,0.1,0.8208695652173913,0.3347578347578347,0.70254110612855,0.8348656294200849,0.4534491075735649,0.8483205263191275,9444,1868,398,940,0.0660120365412338,0.7,0.6951871657754011,1.0,0.05,0.8201892744479494,0.747051282051282,3,57,0,130,0.9923076923076924,129,130,382,500.5095355947005,-0.0015503875968991
tcnte,fold_0,seed_2026,frame_drop,0.2,0.6905138339920949,0.2264911908299724,0.79745889387145,0.6778642149929278,0.3527855843941147,0.8221666397100953,7668,3644,271,1067,0.099615882291153,0.6842105263157895,0.6842105263157895,1.0,0.0,0.8125000000000001,0.7033333333333333,0,60,0,130,1.0,130,130,401,525.4039889357982,-0.978461538461538
tcnte,fold_0,seed_2026,frame_drop,0.3,0.5587351778656127,0.1724297622723062,0.8348281016442451,0.5260785007072136,0.2858239508700102,0.7870450351809685,5951,5361,221,1117,0.1351670828968168,0.6842105263157895,0.6842105263157895,1.0,0.0,0.8125000000000001,0.6948717948717948,0,60,0,130,1.0,130,130,262,343.28140922987313,-2.455384615384616
tcnte,fold_0,seed_2026,confidence_noise,0.1,0.8964426877470356,0.5086526576019778,0.6150971599402093,0.9297206506364922,0.556833558863329,0.8703563341600015,10517,795,515,823,0.0479161986258072,0.7947368421052632,0.7791411042944786,0.9769230769230768,0.4,0.8668941979522184,0.7644871794871796,24,36,3,127,0.9692307692307692,126,130,150,196.53515795603423,0.3476190476190475
tcnte,fold_0,seed_2026,confidence_noise,0.2,0.8921739130434783,0.4922526817640048,0.617339312406577,0.9246817538896748,0.5477453580901857,0.8655449165191984,10460,852,512,826,0.0479582921442071,0.7789473684210526,0.7650602409638554,0.9769230769230768,0.35,0.8581081081081081,0.7632051282051282,21,39,3,127,0.9692307692307692,126,130,163,213.56820497889052,0.3555555555555554
tcnte,fold_0,seed_2026,confidence_noise,0.3,0.8841106719367589,0.4635949943117178,0.609118086696562,0.9166371994342292,0.5264857881136951,0.8584378296894392,10369,943,523,815,0.0489213391328635,0.7684210526315789,0.7559523809523809,0.9769230769230768,0.3166666666666666,0.8523489932885905,0.7662820512820512,19,41,3,127,0.9769230769230768,127,130,187,245.013830251856,0.3574803149606299
tcnte,fold_0,seed_2026,lower_body_missing,1.0,0.1639525691699604,0.1119139640396572,0.9955156950672646,0.0655940594059406,0.2012084592145015,0.6343866679669248,742,10570,6,1332,0.5261898880796471,0.6842105263157895,0.6842105263157895,1.0,0.0,0.8125000000000001,0.4834615384615385,0,60,0,130,1.0,130,130,63,82.54476634153438,-7.31384615384615
tcnte,fold_0,seed_3407,clean,0.0,0.8469565217391304,0.3755203996669442,0.6741405082212257,0.8673974540311173,0.4823529411764706,0.847801348039993,9812,1500,436,902,0.0845875546595324,0.7684210526315789,0.7559523809523809,0.9769230769230768,0.3166666666666666,0.8523489932885905,0.8014102564102564,19,41,3,127,0.9615384615384616,125,130,200,262.0468772747123,0.2912000000000001
tcnte,fold_0,seed_3407,random_joint_drop,0.1,0.4839525691699605,0.1482786663052317,0.8176382660687593,0.4444837340876945,0.2510325837540156,0.7264032547152858,5028,6284,244,1094,0.2256618544777391,0.6842105263157895,0.6842105263157895,1.0,0.0,0.8125000000000001,0.6384615384615385,0,60,0,130,0.9923076923076924,129,130,283,370.796331343718,-3.029457364341085
tcnte,fold_0,seed_3407,random_joint_drop,0.2,0.430592885375494,0.1373809818226783,0.8303437967115097,0.3833097595473833,0.2357559681697613,0.6885536517697254,4336,6976,227,1111,0.2198636330611149,0.6842105263157895,0.6842105263157895,1.0,0.0,0.8125000000000001,0.5534615384615386,0,60,0,130,1.0,130,130,207,271.21851797932726,-4.7846153846153845
tcnte,fold_0,seed_3407,random_joint_drop,0.3,0.3813438735177865,0.1301869585043319,0.8535127055306427,0.3254950495049505,0.2259149357072205,0.6746359343253352,3682,7630,196,1142,0.2281901546005204,0.6842105263157895,0.6842105263157895,1.0,0.0,0.8125000000000001,0.5214102564102563,0,60,0,130,1.0,130,130,152,199.15562672878136,-5.881538461538458
tcnte,fold_0,seed_3407,frame_drop,0.1,0.8067193675889328,0.3185840707964602,0.726457399103139,0.8162128712871287,0.4429254955570745,0.8384098239260184,9233,2079,366,972,0.0919266315717471,0.7105263157894737,0.7071823204419889,0.9846153846153848,0.1166666666666666,0.8231511254019293,0.8020512820512821,7,53,2,128,0.9769230769230768,127,130,278,364.2451594118501,0.0535433070866142
tcnte,fold_0,seed_3407,frame_drop,0.2,0.7449802371541502,0.2604060913705583,0.7668161434977578,0.7423974540311173,0.3887836301629405,0.8289939860417816,8398,2914,312,1026,0.1076428178600643,0.6894736842105263,0.6898395721925134,0.9923076923076924,0.0333333333333333,0.8138801261829653,0.798974358974359,2,58,1,129,0.9846153846153848,128,130,371,486.0969573445914,-0.3125
tcnte,fold_0,seed_3407,frame_drop,0.3,0.6672727272727272,0.2130721567059764,0.796711509715994,0.6519625176803394,0.3362245702570572,0.8183349084427981,7375,3937,272,1066,0.1257804633765352,0.6894736842105263,0.6878306878306878,1.0,0.0166666666666666,0.8150470219435736,0.7978205128205129,1,59,0,130,1.0,130,130,353,462.51273838986725,-0.6184615384615383
tcnte,fold_0,seed_3407,confidence_noise,0.1,0.8320158102766798,0.3506641366223909,0.6905829596412556,0.8487446958981613,0.465139692927259,0.8402345459561973,9601,1711,414,924,0.090064712335823,0.7263157894736842,0.7215909090909091,0.9769230769230768,0.1833333333333333,0.8300653594771242,0.7906410256410256,11,49,3,127,0.9615384615384616,125,130,240,314.4562527296548,0.2351999999999999
tcnte,fold_0,seed_3407,confidence_noise,0.2,0.761897233201581,0.2662011173184357,0.7122571001494769,0.7677687411598303,0.3875559170394469,0.8282787119198787,8685,2627,385,953,0.1035780386738626,0.7157894736842105,0.7134831460674157,0.9769230769230768,0.15,0.8246753246753247,0.776025641025641,9,51,3,127,0.9769230769230768,127,130,275,360.3144562527294,0.2236220472440944
tcnte,fold_0,seed_3407,confidence_noise,0.3,0.7346245059288538,0.2447534766118836,0.7234678624813154,0.7359441301272984,0.3657661061779709,0.8132583848150992,8325,2987,370,968,0.1248332115895898,0.7,0.7016574585635359,0.9769230769230768,0.1,0.8167202572347266,0.7582051282051281,6,54,3,127,0.9769230769230768,127,130,312,408.7931285485512,0.0614173228346457
tcnte,fold_0,seed_3407,lower_body_missing,1.0,0.1690118577075098,0.1121258244545915,0.9910313901345292,0.0717821782178217,0.2014585232452142,0.449590980278361,812,10500,12,1326,2.147715896335044,0.6842105263157895,0.6842105263157895,1.0,0.0,0.8125000000000001,0.5394871794871794,0,60,0,130,1.0,130,130,63,82.54476634153438,-7.307692307692305
tcnte,fold_0,seed_42,clean,0.0,0.867509881422925,0.4239423942394239,0.7040358744394619,0.8868458274398868,0.5292134831460674,0.860984631054393,10032,1280,396,942,0.1698524859986404,0.7421052631578947,0.7341040462427746,0.9769230769230768,0.2333333333333333,0.8382838283828384,0.7235897435897436,14,46,3,127,0.9769230769230768,127,130,185,242.3933614791089,0.2078740157480314
tcnte,fold_0,seed_42,random_joint_drop,0.1,0.7866403162055337,0.3023525994772001,0.7780269058295964,0.7876591230551626,0.4354737502614516,0.8552039000344621,8910,2402,297,1041,0.1253139971803299,0.6894736842105263,0.6878306878306878,1.0,0.0166666666666666,0.8150470219435736,0.6982051282051283,1,59,0,130,1.0,130,130,484,634.1534430048038,-0.1569230769230768
tcnte,fold_0,seed_42,random_joint_drop,0.2,0.4252173913043478,0.1495569994093325,0.9461883408071748,0.363596181046676,0.2582882790982352,0.8232852713522474,4113,7199,72,1266,0.3900438779804546,0.6842105263157895,0.6842105263157895,1.0,0.0,0.8125000000000001,0.6711538461538461,0,60,0,130,1.0,130,130,172,225.36031445625255,-4.846153846153844
tcnte,fold_0,seed_42,random_joint_drop,0.3,0.2074308300395257,0.1168636443817251,0.9902840059790732,0.1148338048090523,0.2090564846954875,0.7803277615157416,1299,10013,13,1325,1.0046522604995094,0.6842105263157895,0.6842105263157895,1.0,0.0,0.8125000000000001,0.607051282051282,0,60,0,130,1.0,130,130,64,83.85500072790794,-7.186153846153845
tcnte,fold_0,seed_42,frame_drop,0.1,0.7957312252964427,0.3080714725816389,0.7473841554559043,0.8014497878359265,0.4363001745200698,0.8356310506931539,9066,2246,338,1000,0.2246612599939697,0.7052631578947368,0.7010869565217391,0.9923076923076924,0.0833333333333333,0.821656050955414,0.7007692307692308,5,55,1,129,0.9846153846153848,128,130,281,368.1758625709708,-0.0234374999999999
tcnte,fold_0,seed_42,frame_drop,0.2,0.7155731225296442,0.2383047707271885,0.7690582959641256,0.7092468175388967,0.3638613861386138,0.8019617644820216,8023,3289,309,1029,0.3023249451562821,0.7,0.6972972972972973,0.9923076923076924,0.0666666666666666,0.8190476190476191,0.6653846153846154,4,56,1,129,0.9923076923076924,129,130,330,432.3773475032753,-0.5922480620155035
tcnte,fold_0,seed_42,frame_drop,0.3,0.6270355731225297,0.1876155268022181,0.7585949177877429,0.611474540311174,0.3008298755186721,0.7566324397494203,6917,4395,323,1015,0.3823601451150984,0.6894736842105263,0.6878306878306878,1.0,0.0166666666666666,0.8150470219435736,0.652179487179487,1,59,0,130,0.9923076923076924,129,130,325,425.82617557140753,-1.051162790697674
tcnte,fold_0,seed_42,confidence_noise,0.1,0.8650592885375494,0.4190434401053093,0.7137518684603886,0.882956152758133,0.5280619297760575,0.8588767989547192,9988,1324,383,955,0.1684616690385247,0.7421052631578947,0.7314285714285714,0.9846153846153848,0.2166666666666666,0.8393442622950821,0.7221794871794872,13,47,2,128,0.9769230769230768,127,130,199,260.73664288833874,0.1748031496062992
tcnte,fold_0,seed_42,confidence_noise,0.2,0.8549407114624505,0.3976102183765966,0.7212257100149477,0.8707567185289957,0.5126162018592297,0.852583067203261,9850,1462,373,965,0.1705518570324413,0.7315789473684211,0.7231638418079096,0.9846153846153848,0.1833333333333333,0.8338762214983714,0.7241025641025641,11,49,2,128,0.9769230769230768,127,130,230,301.35390886591915,0.1527559055118111
tcnte,fold_0,seed_42,confidence_noise,0.3,0.811699604743083,0.3274950429610046,0.7406576980568012,0.8201025459688827,0.4541704857928506,0.8411738965776784,9277,2035,347,991,0.182489771994913,0.7052631578947368,0.7032967032967034,0.9846153846153848,0.1,0.8205128205128206,0.7165384615384616,6,54,2,128,0.9769230769230768,127,130,291,381.2782064347064,0.0283464566929134
tcnte,fold_0,seed_42,lower_body_missing,1.0,0.1637154150197628,0.1118857622847543,0.9955156950672646,0.0653288543140028,0.20116287850185,0.6551606043451879,739,10573,6,1332,2.3085448008375207,0.6842105263157895,0.6842105263157895,1.0,0.0,0.8125000000000001,0.4637179487179487,0,60,0,130,1.0,130,130,63,82.54476634153438,-7.324615384615382
tcnte,fold_1,seed_2026,clean,0.0,0.7951778656126482,0.2862504264756056,0.6270553064275037,0.8150636492220651,0.3930662918716327,0.8034842161346178,9220,2092,499,839,0.0927400370540001,0.6736842105263158,0.6910112359550562,0.946153846153846,0.0833333333333333,0.7987012987012987,0.6947435897435897,5,55,7,123,0.9307692307692308,121,130,253,331.4892997525111,0.1008264462809919
tcnte,fold_1,seed_2026,random_joint_drop,0.1,0.9031620553359684,0.5490877497827976,0.4723467862481315,0.9541195190947668,0.5078344716753717,0.8383706443994816,10793,519,706,632,0.043993318884858,0.7210526315789474,0.727810650887574,0.946153846153846,0.2333333333333333,0.822742474916388,0.7565384615384615,14,46,7,123,0.9153846153846154,119,130,245,321.0074246615226,0.4588235294117648
tcnte,fold_1,seed_2026,random_joint_drop,0.2,0.8791304347826087,0.4473248758963045,0.6061285500747384,0.9114214992927864,0.514757219930181,0.8526351303852359,10310,1002,527,811,0.0474533465280834,0.7052631578947368,0.6989247311827957,1.0,0.0666666666666666,0.8227848101265823,0.7525641025641026,4,56,0,130,1.0,130,130,378,495.2685980492063,0.3169230769230771
tcnte,fold_1,seed_2026,random_joint_drop,0.3,0.770197628458498,0.2792006754855052,0.7414050822122571,0.7736032531824611,0.4056430177877734,0.8297674678582528,8751,2561,346,992,0.0745109680401006,0.6842105263157895,0.6842105263157895,1.0,0.0,0.8125000000000001,0.7746153846153846,0,60,0,130,1.0,130,130,546,715.3879749599646,-0.4415384615384614
tcnte,fold_1,seed_2026,frame_drop,0.1,0.713201581027668,0.2244947064485082,0.6973094170403588,0.7150813295615276,0.3396432471787404,0.7932048429859001,8089,3223,405,933,0.1076825517769387,0.6789473684210526,0.6844919786096256,0.9846153846153848,0.0166666666666666,0.8075709779179809,0.6934615384615385,1,59,2,128,0.946153846153846,123,130,314,411.4135973212983,-0.4227642276422763
tcnte,fold_1,seed_2026,frame_drop,0.2,0.6313043478260869,0.1896229936543486,0.7593423019431988,0.6161598302687411,0.3034647550776583,0.7825705416473743,6970,4342,322,1016,0.1297276152311106,0.6789473684210526,0.6825396825396826,0.9923076923076924,0.0,0.8087774294670846,0.6975641025641025,0,60,1,129,0.9692307692307692,126,130,312,408.7931285485512,-1.2380952380952377
tcnte,fold_1,seed_2026,frame_drop,0.3,0.5623715415019763,0.1679848149319835,0.7937219730941704,0.535007072135785,0.277284595300261,0.7684714289414207,6052,5260,276,1062,0.1467849190374137,0.6842105263157895,0.6842105263157895,1.0,0.0,0.8125000000000001,0.6966666666666667,0,60,0,130,0.9769230769230768,127,130,267,349.83258116174096,-2.1543307086614187
tcnte,fold_1,seed_2026,confidence_noise,0.1,0.8062450592885375,0.2994594594594594,0.6210762331838565,0.8281471004243282,0.4040846097738876,0.8076345370763854,9368,1944,507,831,0.084974961535556,0.6789473684210526,0.6949152542372882,0.946153846153846,0.1,0.8013029315960911,0.7116666666666668,6,54,7,123,0.9307692307692308,121,130,254,332.79953413888467,0.1338842975206613
tcnte,fold_1,seed_2026,confidence_noise,0.2,0.8202371541501976,0.3188854489164087,0.6158445440956651,0.8444130127298444,0.4201937786843447,0.8118949967546402,9552,1760,514,824,0.0766103591878894,0.6947368421052632,0.7068965517241379,0.946153846153846,0.15,0.8092105263157895,0.7362820512820514,9,51,7,123,0.9307692307692308,121,130,255,334.1097685252582,0.1702479338842976
tcnte,fold_1,seed_2026,confidence_noise,0.3,0.8348616600790514,0.342952739439565,0.6128550074738416,0.8611209335219236,0.4397961920085814,0.8151061322499963,9741,1571,518,820,0.069522487564167,0.7052631578947368,0.7176470588235294,0.9384615384615383,0.2,0.8133333333333334,0.7621794871794872,12,48,8,122,0.9230769230769232,120,130,241,315.7664871160283,0.2233333333333333
tcnte,fold_1,seed_2026,lower_body_missing,1.0,0.1674308300395257,0.1120675105485232,0.992526158445441,0.0698373408769448,0.2013952077646345,0.6643966326485307,790,10522,10,1328,2.1251092399627325,0.6842105263157895,0.6842105263157895,1.0,0.0,0.8125000000000001,0.4973076923076923,0,60,0,130,1.0,130,130,64,83.85500072790794,-7.275384615384615
tcnte,fold_1,seed_3407,clean,0.0,0.8143083003952569,0.3270612384536435,0.7144992526158446,0.8261138613861386,0.4487209575217085,0.8381815519796695,9345,1967,382,956,0.0921223313370241,0.6842105263157895,0.6902173913043478,0.9769230769230768,0.05,0.8089171974522292,0.8528205128205129,3,57,3,127,0.9692307692307692,126,130,304,398.3112534575627,-0.0523809523809523
tcnte,fold_1,seed_3407,random_joint_drop,0.1,0.4681422924901186,0.1581684424150177,0.9319880418535128,0.4132779349363508,0.270440251572327,0.8589410850918533,4675,6637,91,1247,0.2589575005378647,0.6842105263157895,0.6842105263157895,1.0,0.0,0.8125000000000001,0.835,0,60,0,130,1.0,130,130,220,288.25156500218355,-4.156923076923078
tcnte,fold_1,seed_3407,random_joint_drop,0.2,0.6236363636363637,0.1991562664791703,0.8467862481315396,0.5972418670438473,0.3224704710402732,0.8333379252002714,6756,4556,205,1133,0.1568208917268651,0.6842105263157895,0.6842105263157895,1.0,0.0,0.8125000000000001,0.823076923076923,0,60,0,130,1.0,130,130,367,480.8560197990971,-1.6815384615384614
tcnte,fold_1,seed_3407,random_joint_drop,0.3,0.7936758893280632,0.2811424638678596,0.6106128550074739,0.8153288543140028,0.385014137606032,0.7983004278166446,9223,2089,521,817,0.0811479232115707,0.6789473684210526,0.6844919786096256,0.9846153846153848,0.0166666666666666,0.8075709779179809,0.7324358974358974,1,59,2,128,0.9769230769230768,127,130,513,672.1502402096371,-0.0047244094488188
tcnte,fold_1,seed_3407,frame_drop,0.1,0.7553359683794466,0.2651697407110398,0.7414050822122571,0.7569837340876945,0.3906280763929907,0.8310410667508135,8563,2749,346,992,0.1043549598229261,0.6736842105263158,0.6808510638297872,0.9846153846153848,0.0,0.8050314465408805,0.8478205128205127,0,60,2,128,0.9692307692307692,126,130,419,548.9882078905223,-0.3555555555555553
tcnte,fold_1,seed_3407,frame_drop,0.2,0.6807114624505929,0.2177638453500522,0.7787742899850523,0.6691124469589816,0.3403560346235506,0.82318904035663,7569,3743,296,1042,0.1282585353283543,0.6789473684210526,0.6825396825396826,0.9923076923076924,0.0,0.8087774294670846,0.8452564102564102,0,60,1,129,0.9846153846153848,128,130,421,551.6086766632694,-1.0187499999999996
tcnte,fold_1,seed_3407,frame_drop,0.3,0.5912252964426877,0.1821197545198208,0.820627802690583,0.5640912305516266,0.2980860594543233,0.8105692686100768,6381,4931,240,1098,0.1587184488773346,0.6842105263157895,0.6842105263157895,1.0,0.0,0.8125000000000001,0.8183333333333335,0,60,0,130,0.9923076923076924,129,130,377,493.9583636628327,-2.0744186046511643
tcnte,fold_1,seed_3407,confidence_noise,0.1,0.8008695652173913,0.3099452848406823,0.7197309417040358,0.8104667609618105,0.4332958380202475,0.834741153487546,9168,2144,375,963,0.0942386379496382,0.6736842105263158,0.6827956989247311,0.9769230769230768,0.0166666666666666,0.8037974683544304,0.8514102564102564,1,59,3,127,0.9692307692307692,126,130,329,431.06711311690174,-0.1349206349206349
tcnte,fold_1,seed_3407,confidence_noise,0.2,0.7914624505928853,0.2983870967741935,0.71898355754858,0.800035360678925,0.4217448487505479,0.8290682157181126,9050,2262,376,962,0.0949189981288118,0.6842105263157895,0.6902173913043478,0.9769230769230768,0.05,0.8089171974522292,0.8573076923076923,3,57,3,127,0.9692307692307692,126,130,371,486.0969573445914,-0.2492063492063491
tcnte,fold_1,seed_3407,confidence_noise,0.3,0.7867193675889328,0.2916666666666667,0.7115097159940209,0.7956152758132956,0.4137331594958713,0.8212709944120613,9000,2312,386,952,0.0952715467110924,0.6789473684210526,0.6864864864864865,0.9769230769230768,0.0333333333333333,0.8063492063492064,0.8542307692307692,2,58,3,127,0.9692307692307692,126,130,384,503.13000436744767,-0.2587301587301587
tcnte,fold_1,seed_3407,lower_body_missing,1.0,0.798893280632411,0.2166353383458646,0.3445440956651719,0.8526343705799151,0.2660126947489902,0.6551098955987847,9645,1667,877,461,0.0660483869580412,0.5894736842105263,0.6756756756756757,0.7692307692307693,0.2,0.7194244604316546,0.4778205128205129,12,48,30,100,0.6692307692307692,87,130,157,205.7067986606492,0.0574712643678161
tcnte,fold_1,seed_42,clean,0.0,0.8396837944664032,0.3605497170573969,0.6666666666666666,0.8601485148514851,0.4679958027282266,0.8246074317153047,9730,1582,446,892,0.110418966059157,0.7315789473684211,0.7283236994219653,0.9692307692307692,0.2166666666666666,0.8316831683168316,0.8291025641025641,13,47,4,126,0.953846153846154,124,130,179,234.5319551608675,0.1661290322580646
tcnte,fold_1,seed_42,random_joint_drop,0.1,0.8342292490118577,0.3685486664357464,0.7952167414050823,0.8388437057991514,0.5036686390532544,0.8919797989568337,9489,1823,274,1064,0.0804686158898437,0.7105263157894737,0.7027027027027027,1.0,0.0833333333333333,0.8253968253968255,0.8952564102564102,5,55,0,130,1.0,130,130,304,398.3112534575627,-0.2707692307692307
tcnte,fold_1,seed_42,random_joint_drop,0.2,0.7949407114624506,0.3162668227033353,0.8079222720478326,0.7934052333804809,0.4545836837678721,0.8816812655000287,8975,2337,257,1081,0.1074458190162662,0.6894736842105263,0.6898395721925134,0.9923076923076924,0.0333333333333333,0.8138801261829653,0.8682051282051283,2,58,1,129,0.9923076923076924,129,130,357,467.7536759353615,-0.2790697674418604
tcnte,fold_1,seed_42,random_joint_drop,0.3,0.7484584980237154,0.2712158808933002,0.8168908819133034,0.7403642149929278,0.4072280178837555,0.8657176896421223,8375,2937,245,1093,0.1325384057663646,0.6894736842105263,0.6878306878306878,1.0,0.0166666666666666,0.8150470219435736,0.8580769230769231,1,59,0,130,1.0,130,130,415,543.747270345028,-0.7076923076923077
tcnte,fold_1,seed_42,frame_drop,0.1,0.7025296442687747,0.2264831942251297,0.750373692077728,0.6968705799151343,0.3479466297002253,0.80742866286949,7883,3429,334,1004,0.1582838914846714,0.6789473684210526,0.6825396825396826,0.9923076923076924,0.0,0.8087774294670846,0.8256410256410256,0,60,1,129,0.9846153846153848,128,130,303,397.0010190711892,-0.3328124999999999
tcnte,fold_1,seed_42,frame_drop,0.2,0.6065612648221343,0.1846073842953718,0.7959641255605381,0.5841584158415841,0.299704516673702,0.7872443354200891,6608,4704,273,1065,0.2229583666164413,0.6789473684210526,0.6825396825396826,0.9923076923076924,0.0,0.8087774294670846,0.8046153846153846,0,60,1,129,0.9846153846153848,128,130,324,424.515941185034,-1.0953125
tcnte,fold_1,seed_42,frame_drop,0.3,0.5288537549407115,0.1613423212192262,0.8228699551569507,0.4940770862800566,0.2697868169566283,0.7669213269821538,5589,5723,237,1101,0.2828204583462048,0.6789473684210526,0.6825396825396826,0.9923076923076924,0.0,0.8087774294670846,0.7943589743589745,0,60,1,129,0.9846153846153848,128,130,304,398.3112534575627,-1.8125000000000009
tcnte,fold_1,seed_42,confidence_noise,0.1,0.844901185770751,0.3689075630252101,0.656203288490284,0.8672206506364922,0.4722969338353954,0.8266512419579563,9810,1502,460,878,0.107945610569871,0.7368421052631579,0.7325581395348837,0.9692307692307692,0.2333333333333333,0.8344370860927152,0.8319230769230769,14,46,4,126,0.946153846153846,123,130,180,235.84218954724108,0.2178861788617886
tcnte,fold_1,seed_42,confidence_noise,0.2,0.8483794466403162,0.3736933797909407,0.6412556053811659,0.8728783592644979,0.4722069345074299,0.8254621466310629,9874,1438,480,858,0.1076750087891171,0.7578947368421053,0.7530120481927711,0.9615384615384616,0.3166666666666666,0.8445945945945945,0.8382051282051282,19,41,5,125,0.946153846153846,123,130,182,238.4626583199882,0.2910569105691057
tcnte,fold_1,seed_42,confidence_noise,0.3,0.8464822134387352,0.3677758318739054,0.6278026905829597,0.8723479490806223,0.4638321369409166,0.8202426804980307,9868,1444,498,840,0.1102213894413865,0.7578947368421053,0.7530120481927711,0.9615384615384616,0.3166666666666666,0.8445945945945945,0.8367948717948718,19,41,5,125,0.9384615384615383,122,130,196,256.8059397292181,0.3213114754098363
tcnte,fold_1,seed_42,lower_body_missing,1.0,0.168300395256917,0.1121061079665455,0.9917787742899852,0.0708981612446959,0.2014421252371916,0.6565962069461271,802,10510,11,1327,2.7592977680990347,0.6842105263157895,0.6842105263157895,1.0,0.0,0.8125000000000001,0.4776923076923077,0,60,0,130,1.0,130,130,64,83.85500072790794,-7.270769230769228
tcnte,fold_2,seed_2026,clean,0.0,0.8424505928853755,0.3754279193609737,0.7376681614349776,0.8548444130127298,0.4976052432568691,0.850743941907003,9670,1642,351,987,0.0801273199656735,0.6947368421052632,0.6935483870967742,0.9923076923076924,0.05,0.8164556962025317,0.8393589743589743,3,57,1,129,0.9692307692307692,126,130,259,339.35070607075244,0.119047619047619
tcnte,fold_2,seed_2026,random_joint_drop,0.1,0.632094861660079,0.1909023117076808,0.7653213751868461,0.6163366336633663,0.3055804237541032,0.742140243412554,6972,4340,314,1024,0.1964162331454367,0.6842105263157895,0.6842105263157895,1.0,0.0,0.8125000000000001,0.5511538461538462,0,60,0,130,1.0,130,130,492,644.6353180957923,-1.1400000000000003
tcnte,fold_2,seed_2026,random_joint_drop,0.2,0.3664031620553359,0.1335747996926791,0.9095665171898356,0.3021570014144271,0.2329409512872045,0.6929664689322873,3418,7894,121,1217,0.3883412540665728,0.6842105263157895,0.6842105263157895,1.0,0.0,0.8125000000000001,0.4558974358974359,0,60,0,130,1.0,130,130,112,146.7462512738389,-5.28307692307692
tcnte,fold_2,seed_2026,random_joint_drop,0.3,0.2034782608695652,0.1148624823695345,0.9738415545590432,0.1123585572842998,0.2054880933606686,0.6566296053452239,1271,10041,35,1303,0.7250911516822846,0.6842105263157895,0.6842105263157895,1.0,0.0,0.8125000000000001,0.4628205128205128,0,60,0,130,1.0,130,130,64,83.85500072790794,-7.241538461538459
tcnte,fold_2,seed_2026,frame_drop,0.1,0.6876679841897233,0.2276422764227642,0.8161434977578476,0.67247171145686,0.3559902200488997,0.8363352250503717,7607,3705,246,1092,0.1152096874110783,0.6842105263157895,0.6842105263157895,1.0,0.0,0.8125000000000001,0.8492307692307693,0,60,0,130,0.9923076923076924,129,130,456,597.466880186344,-1.071317829457364
tcnte,fold_2,seed_2026,frame_drop,0.2,0.5290118577075099,0.1674344946731932,0.8692077727952168,0.4887729844413013,0.2807822308063737,0.8263356584697548,5529,5783,175,1163,0.1626109116150456,0.6842105263157895,0.6842105263157895,1.0,0.0,0.8125000000000001,0.8452564102564104,0,60,0,130,0.9923076923076924,129,130,267,349.83258116174096,-2.5333333333333337
tcnte,fold_2,seed_2026,frame_drop,0.3,0.4329644268774703,0.1453749848061261,0.8938714499252616,0.3784476661951909,0.2500784108729744,0.8140219230923733,4281,7031,142,1196,0.2015579725277753,0.6842105263157895,0.6842105263157895,1.0,0.0,0.8125000000000001,0.8411538461538461,0,60,0,130,1.0,130,130,196,256.8059397292181,-3.863076923076923
tcnte,fold_2,seed_2026,confidence_noise,0.1,0.8447430830039526,0.3794298921417565,0.7361733931240658,0.85758486562942,0.5007625826131165,0.850357498313893,9701,1611,353,985,0.0792563817641245,0.6947368421052632,0.6914893617021277,1.0,0.0333333333333333,0.8176100628930818,0.8394871794871794,2,58,0,130,0.9769230769230768,127,130,266,348.5223467753674,0.1023622047244094
tcnte,fold_2,seed_2026,confidence_noise,0.2,0.8407905138339921,0.3731231231231231,0.7428998505231689,0.8523691654879774,0.496751624187906,0.8493389297289755,9642,1670,344,994,0.0792990466457581,0.6894736842105263,0.6898395721925134,0.9923076923076924,0.0333333333333333,0.8138801261829653,0.8407692307692307,2,58,1,129,0.9769230769230768,127,130,287,376.03726888921216,0.0598425196850394
tcnte,fold_2,seed_2026,confidence_noise,0.3,0.8290909090909091,0.3551336146272855,0.7548579970104634,0.8378712871287128,0.4830224772835964,0.8473656492410933,9478,1834,328,1010,0.0817751691970429,0.6894736842105263,0.6878306878306878,1.0,0.0166666666666666,0.8150470219435736,0.8396153846153847,1,59,0,130,0.9846153846153848,128,130,318,416.6545348667926,-0.0062499999999999
tcnte,fold_2,seed_2026,lower_body_missing,1.0,0.1641106719367589,0.1119327731092437,0.9955156950672646,0.0657708628005657,0.2012388578335096,0.7133631784863304,744,10568,6,1332,0.8178191016596768,0.6842105263157895,0.6842105263157895,1.0,0.0,0.8125000000000001,0.4985897435897435,0,60,0,130,1.0,130,130,63,82.54476634153438,-7.319999999999997
tcnte,fold_2,seed_3407,clean,0.0,0.7992885375494071,0.3197238066646652,0.7959641255605381,0.7996817538896747,0.4562004711929749,0.8626005387614355,9046,2266,273,1065,0.1155467051005528,0.7052631578947368,0.7010869565217391,0.9923076923076924,0.0833333333333333,0.821656050955414,0.8575641025641026,5,55,1,129,0.9846153846153848,128,130,293,383.8986752074536,-0.1734375
tcnte,fold_2,seed_3407,random_joint_drop,0.1,0.4617391304347826,0.157848655409631,0.9431988041853512,0.4047913719943423,0.2704382299367834,0.8622355679273884,4579,6733,76,1262,0.3272287447297055,0.6842105263157895,0.6842105263157895,1.0,0.0,0.8125000000000001,0.8501282051282051,0,60,0,130,1.0,130,130,242,317.0767215024019,-3.847692307692308
tcnte,fold_2,seed_3407,random_joint_drop,0.2,0.478498023715415,0.1599637915427389,0.9245142002989536,0.4257425742574257,0.2727372946753389,0.830666449692695,4816,6496,101,1237,0.3313703214391889,0.6842105263157895,0.6842105263157895,1.0,0.0,0.8125000000000001,0.7303846153846154,0,60,0,130,1.0,130,130,256,335.42000291163174,-4.283076923076925
tcnte,fold_2,seed_3407,random_joint_drop,0.3,0.5064822134387352,0.164271047227926,0.8968609865470852,0.4603076379066478,0.2776813606386671,0.8040882613645732,5207,6105,138,1200,0.2847224889159673,0.6842105263157895,0.6842105263157895,1.0,0.0,0.8125000000000001,0.6669230769230771,0,60,0,130,1.0,130,130,278,364.2451594118501,-3.5230769230769243
tcnte,fold_2,seed_3407,frame_drop,0.1,0.7130434782608696,0.2472430524922805,0.8378176382660688,0.6982850070721358,0.3818119891008174,0.8533593569959173,7899,3413,217,1121,0.1553294843983037,0.6842105263157895,0.6842105263157895,1.0,0.0,0.8125000000000001,0.8587179487179487,0,60,0,130,1.0,130,130,396,518.8528170039303,-0.6584615384615382
tcnte,fold_2,seed_3407,frame_drop,0.2,0.6003162055335969,0.1924222369291859,0.8692077727952168,0.568511315417256,0.3150907613112978,0.8396700766729459,6431,4881,175,1163,0.2123638638453521,0.6842105263157895,0.6842105263157895,1.0,0.0,0.8125000000000001,0.8526923076923077,0,60,0,130,1.0,130,130,388,508.3709419129419,-1.4892307692307696
tcnte,fold_2,seed_3407,frame_drop,0.3,0.4889328063241107,0.1586096683979224,0.8901345291479821,0.4414780763790665,0.2692438114615123,0.8232408392584932,4994,6318,147,1191,0.2789997265461405,0.6842105263157895,0.6842105263157895,1.0,0.0,0.8125000000000001,0.8497435897435898,0,60,0,130,1.0,130,130,283,370.796331343718,-2.610769230769233
tcnte,fold_2,seed_3407,confidence_noise,0.1,0.7754150197628459,0.2938271604938272,0.8004484304932735,0.7724540311173974,0.4298615291992775,0.8578606419258198,8738,2574,267,1071,0.1294243828339774,0.7105263157894737,0.7027027027027027,1.0,0.0833333333333333,0.8253968253968255,0.8593589743589743,5,55,0,130,0.9846153846153848,128,130,313,410.1033629349248,-0.2968749999999999
tcnte,fold_2,seed_3407,confidence_noise,0.2,0.7307509881422924,0.2557864903164856,0.8094170403587444,0.7214462517680339,0.3887293610911702,0.8460104538640923,8161,3151,255,1083,0.1489208884781646,0.6894736842105263,0.6878306878306878,1.0,0.0166666666666666,0.8150470219435736,0.858974358974359,1,59,0,130,0.9846153846153848,128,130,392,513.6118794584362,-0.4749999999999996
tcnte,fold_2,seed_3407,confidence_noise,0.3,0.6548616600790513,0.2112890922959573,0.828101644245142,0.6343705799151343,0.3366757824369493,0.827905449297332,7176,4136,230,1108,0.1837119037920071,0.6842105263157895,0.6842105263157895,1.0,0.0,0.8125000000000001,0.8547435897435897,0,60,0,130,0.9923076923076924,129,130,387,507.0607075265683,-0.6062015503875966
tcnte,fold_2,seed_3407,lower_body_missing,1.0,0.1694071146245059,0.1121076233183856,0.9902840059790732,0.0723125884016973,0.2014136961313369,0.5307780287557904,818,10494,13,1325,1.7767560574942427,0.6842105263157895,0.6842105263157895,1.0,0.0,0.8125000000000001,0.4094871794871794,0,60,0,130,1.0,130,130,64,83.85500072790794,-7.31076923076923
tcnte,fold_2,seed_42,clean,0.0,0.8321739130434782,0.3537085352217667,0.7092675635276532,0.8467114568599717,0.4720218851032082,0.8518149700940627,9578,1734,389,949,0.0623954453086664,0.7157894736842105,0.7111111111111111,0.9846153846153848,0.1333333333333333,0.8258064516129032,0.8608974358974358,8,52,2,128,0.9615384615384616,125,130,244,319.697190275149,0.1536
tcnte,fold_2,seed_42,random_joint_drop,0.1,0.8897233201581027,0.4859398125308337,0.7361733931240658,0.9078854314002828,0.5854383358098069,0.8893918359645061,10270,1042,353,985,0.0546563070452967,0.7052631578947368,0.7010869565217391,0.9923076923076924,0.0833333333333333,0.821656050955414,0.8125641025641025,5,55,1,129,0.9923076923076924,129,130,339,444.1694569806374,0.2666666666666666
tcnte,fold_2,seed_42,random_joint_drop,0.2,0.7716205533596838,0.2932551319648094,0.8221225710014948,0.7656471004243282,0.4323049715071723,0.8693642596562666,8661,2651,238,1100,0.0858088552621984,0.6842105263157895,0.6842105263157895,1.0,0.0,0.8125000000000001,0.7992307692307693,0,60,0,130,1.0,130,130,490,642.0148493230452,-0.3369230769230769
tcnte,fold_2,seed_42,random_joint_drop,0.3,0.5617391304347826,0.1822302810516772,0.9013452914798208,0.5215700141442716,0.3031674208144796,0.8493760941196619,5900,5412,132,1206,0.1401570184876325,0.6842105263157895,0.6842105263157895,1.0,0.0,0.8125000000000001,0.7935897435897437,0,60,0,130,1.0,130,130,352,461.2025040034937,-3.087692307692308
tcnte,fold_2,seed_42,frame_drop,0.1,0.6789723320158103,0.2186402149204381,0.7907324364723468,0.6657531824611033,0.3425611138092925,0.8288590049748088,7531,3781,280,1058,0.0948888426771748,0.6894736842105263,0.6878306878306878,1.0,0.0166666666666666,0.8150470219435736,0.8714102564102564,1,59,0,130,1.0,130,130,396,518.8528170039303,-0.7923076923076917
tcnte,fold_2,seed_42,frame_drop,0.2,0.5244268774703558,0.1641298104537622,0.8542600896860987,0.4854137199434229,0.2753553360635991,0.8109094301486524,5491,5821,195,1143,0.130587239788455,0.6842105263157895,0.6842105263157895,1.0,0.0,0.8125000000000001,0.8785897435897435,0,60,0,130,1.0,130,130,363,475.6150822536029,-2.318461538461539
tcnte,fold_2,seed_42,frame_drop,0.3,0.4044268774703557,0.1388435532758218,0.8901345291479821,0.3469766619519094,0.2402178297700685,0.7925633690851468,3925,7387,147,1191,0.1615433348214673,0.6842105263157895,0.6842105263157895,1.0,0.0,0.8125000000000001,0.8696153846153846,0,60,0,130,1.0,130,130,210,275.149221138448,-4.073846153846154
tcnte,fold_2,seed_42,confidence_noise,0.1,0.8272727272727273,0.3461678169269887,0.7122571001494769,0.8408769448373409,0.4659007577609386,0.8518347250324009,9512,1800,385,953,0.0641891084735101,0.6842105263157895,0.6944444444444444,0.9615384615384616,0.0833333333333333,0.8064516129032258,0.8612820512820513,5,55,5,125,0.953846153846154,124,130,249,326.24836220701684,0.1532258064516128
tcnte,fold_2,seed_42,confidence_noise,0.2,0.8147826086956522,0.3274974253347065,0.7130044843049327,0.8268210749646393,0.4488355681016232,0.849039665537662,9353,1959,384,954,0.0674070049757542,0.7052631578947368,0.7010869565217391,0.9923076923076924,0.0833333333333333,0.821656050955414,0.8591025641025641,5,55,1,129,0.9846153846153848,128,130,275,360.3144562527294,0.1546874999999999
tcnte,fold_2,seed_42,confidence_noise,0.3,0.799604743083004,0.3081115742225072,0.7182361733931241,0.8092291371994342,0.4312317702490464,0.843277632335623,9154,2158,377,961,0.0716470451676562,0.7,0.6951871657754011,1.0,0.05,0.8201892744479494,0.8632051282051283,3,57,0,130,1.0,130,130,275,360.3144562527294,0.0723076923076923
tcnte,fold_2,seed_42,lower_body_missing,1.0,0.1663241106719367,0.1118698364525375,0.9917787742899852,0.0686881188118812,0.2010606060606061,0.6369711953178021,777,10535,11,1327,2.24120892140234,0.6842105263157895,0.6842105263157895,1.0,0.0,0.8125000000000001,0.4970512820512821,0,60,0,130,1.0,130,130,63,82.54476634153438,-7.304615384615383
tcnte,fold_3,seed_2026,clean,0.0,0.8807905138339921,0.462588028169014,0.7855007473841554,0.8920615275813296,0.5822714681440443,0.8986977333223392,10091,1221,287,1051,0.1098998264679795,0.7473684210526316,0.7329545454545454,0.9923076923076924,0.2166666666666666,0.8431372549019607,0.8855128205128207,13,47,1,129,0.9846153846153848,128,130,146,191.29422041054,0.2328124999999998
tcnte,fold_3,seed_2026,random_joint_drop,0.1,0.4941501976284585,0.1643454038997214,0.9260089686098656,0.4430693069306931,0.2791483609327475,0.8315086113031548,5012,6300,99,1239,0.2916888115457866,0.6842105263157895,0.6842105263157895,1.0,0.0,0.8125000000000001,0.7364102564102564,0,60,0,130,1.0,130,130,274,359.00422186635586,-2.9492307692307698
tcnte,fold_3,seed_2026,random_joint_drop,0.2,0.2408695652173913,0.1209758781986609,0.985799701046338,0.1527581329561527,0.2155052691773548,0.7641395475630203,1728,9584,19,1319,0.7232348254829527,0.6842105263157895,0.6842105263157895,1.0,0.0,0.8125000000000001,0.5525641025641026,0,60,0,130,1.0,130,130,67,87.78570388702863,-7.2353846153846115
tcnte,fold_3,seed_2026,random_joint_drop,0.3,0.1693280632411067,0.1123605005072708,0.9932735426008968,0.0718705799151343,0.2018836396779583,0.6898634570375679,813,10499,9,1329,1.4102136746885277,0.6842105263157895,0.6842105263157895,1.0,0.0,0.8125000000000001,0.4106410256410256,0,60,0,130,1.0,130,130,63,82.54476634153438,-7.309230769230766
tcnte,fold_3,seed_2026,frame_drop,0.1,0.7573122529644268,0.2856435643564356,0.8624813153961136,0.7448727015558698,0.4291558200074377,0.8782983148971528,8426,2886,184,1154,0.1870272043288461,0.6842105263157895,0.6842105263157895,1.0,0.0,0.8125000000000001,0.842948717948718,0,60,0,130,1.0,130,130,398,521.4732857766775,-0.6738461538461535
tcnte,fold_3,seed_2026,frame_drop,0.2,0.6289328063241106,0.2084781097984711,0.8968609865470852,0.5972418670438473,0.3383140682266704,0.8528097865039548,6756,4556,138,1200,0.2932040685203235,0.6842105263157895,0.6842105263157895,1.0,0.0,0.8125000000000001,0.808974358974359,0,60,0,130,1.0,130,130,325,425.82617557140753,-1.8123076923076935
tcnte,fold_3,seed_2026,frame_drop,0.3,0.5358893280632411,0.1744937526928048,0.9080717488789236,0.4918670438472419,0.2927358149620527,0.8292615035846954,5564,5748,123,1215,0.382378942170162,0.6842105263157895,0.6842105263157895,1.0,0.0,0.8125000000000001,0.7926923076923077,0,60,0,130,1.0,130,130,266,348.5223467753674,-2.5553846153846176
tcnte,fold_3,seed_2026,confidence_noise,0.1,0.8818181818181818,0.4648454993282579,0.7757847533632287,0.8943599717114569,0.5813497619714366,0.8989630044843049,10117,1195,300,1038,0.1071492202197139,0.7578947368421053,0.7413793103448276,0.9923076923076924,0.25,0.8486842105263158,0.8814102564102564,15,45,1,129,0.9846153846153848,128,130,147,192.6044547969136,0.2484374999999999
tcnte,fold_3,seed_2026,confidence_noise,0.2,0.8805533596837944,0.461435577351761,0.773542600896861,0.8932107496463932,0.5780508237922369,0.8995054394132558,10104,1208,303,1035,0.1023297477216117,0.7473684210526316,0.735632183908046,0.9846153846153848,0.2333333333333333,0.8421052631578947,0.8796153846153847,14,46,2,128,0.9846153846153848,128,130,172,225.36031445625255,0.2343749999999998
tcnte,fold_3,seed_2026,confidence_noise,0.3,0.8747826086956522,0.4471649484536082,0.7780269058295964,0.8862270155586988,0.5679214402618658,0.8976659837668584,10025,1287,297,1041,0.100769961419784,0.7315789473684211,0.7231638418079096,0.9846153846153848,0.1833333333333333,0.8338762214983714,0.877948717948718,11,49,2,128,0.9846153846153848,128,130,200,262.0468772747123,0.2343749999999998
tcnte,fold_3,seed_2026,lower_body_missing,1.0,0.1609486166007905,0.1115577889447236,0.9955156950672646,0.0622347949080622,0.2006326253953908,0.5920191634794485,704,10608,6,1332,0.598245159788094,0.6842105263157895,0.6842105263157895,1.0,0.0,0.8125000000000001,0.4152564102564102,0,60,0,130,1.0,130,130,63,82.54476634153438,-7.350769230769227
tcnte,fold_3,seed_3407,clean,0.0,0.8101976284584981,0.3352959405020143,0.8086696562032885,0.8103783592644979,0.4740416210295729,0.8744585561214673,9167,2145,256,1082,0.0964509965738524,0.7157894736842105,0.7065217391304348,1.0,0.1,0.8280254777070064,0.7730769230769231,6,54,0,130,1.0,130,130,277,362.93492502547656,-0.0184615384615384
tcnte,fold_3,seed_3407,random_joint_drop,0.1,0.5009486166007905,0.1674909771420933,0.936472346786248,0.4494342291371994,0.2841592017235514,0.8776519187793218,5084,6228,85,1253,0.2060980661737589,0.6842105263157895,0.6842105263157895,1.0,0.0,0.8125000000000001,0.7961538461538461,0,60,0,130,1.0,130,130,283,370.796331343718,-2.906153846153848
tcnte,fold_3,seed_3407,random_joint_drop,0.2,0.47699604743083,0.1607969151670951,0.9349775784753364,0.4228253182461103,0.274402281202018,0.8486153307835589,4783,6529,87,1251,0.2395658445546749,0.6842105263157895,0.6842105263157895,1.0,0.0,0.8125000000000001,0.7211538461538461,0,60,0,130,1.0,130,130,261,341.9711748434996,-4.026153846153846
tcnte,fold_3,seed_3407,random_joint_drop,0.3,0.4293280632411067,0.1496485166209936,0.938714499252616,0.3690770862800566,0.2581440756345699,0.8177314908781076,4175,7137,82,1256,0.264290075855764,0.6842105263157895,0.6842105263157895,1.0,0.0,0.8125000000000001,0.6596153846153846,0,60,0,130,1.0,130,130,203,265.977580433833,-4.778461538461535
tcnte,fold_3,seed_3407,frame_drop,0.1,0.69399209486166,0.2378389567377354,0.8587443946188341,0.6745049504950495,0.3725076997892689,0.8639890334324911,7630,3682,189,1149,0.1317781070864247,0.6894736842105263,0.6878306878306878,1.0,0.0166666666666666,0.8150470219435736,0.7714102564102563,1,59,0,130,1.0,130,130,481,630.2227398456831,-0.6292307692307691
tcnte,fold_3,seed_3407,frame_drop,0.2,0.5335968379446641,0.1732091690544412,0.9035874439461884,0.4898338048090523,0.2906948785765809,0.8465101745200144,5541,5771,129,1209,0.1892601830309087,0.6842105263157895,0.6842105263157895,1.0,0.0,0.8125000000000001,0.7542307692307693,0,60,0,130,1.0,130,130,375,491.3378948900856,-2.133846153846154
tcnte,fold_3,seed_3407,frame_drop,0.3,0.3902766798418972,0.1403587949904095,0.929745889387145,0.3264674681753889,0.2438976570924419,0.8242280576151787,3693,7619,94,1244,0.2626870480780545,0.6842105263157895,0.6842105263157895,1.0,0.0,0.8125000000000001,0.7442307692307693,0,60,0,130,1.0,130,130,204,267.28781482020656,-3.7292307692307696
tcnte,fold_3,seed_3407,confidence_noise,0.1,0.7720158102766799,0.2944148936170213,0.827354260089686,0.7654702970297029,0.4342879560612004,0.8700990244363962,8659,2653,231,1107,0.1069095777487566,0.7105263157894737,0.7027027027027027,1.0,0.0833333333333333,0.8253968253968255,0.7782051282051281,5,55,0,130,1.0,130,130,328,429.7568787305282,-0.1123076923076922
tcnte,fold_3,seed_3407,confidence_noise,0.2,0.7061660079051384,0.2430330524951393,0.8408071748878924,0.6902404526166902,0.3770739064856712,0.8619977488620099,7808,3504,213,1125,0.1251894439438821,0.7,0.6951871657754011,1.0,0.05,0.8201892744479494,0.7793589743589744,3,57,0,130,1.0,130,130,356,466.443441548988,-0.2076923076923076
tcnte,fold_3,seed_3407,confidence_noise,0.3,0.6579446640316206,0.2165750047411341,0.8535127055306427,0.6348125884016973,0.3454847980638331,0.8491451133021694,7181,4131,196,1142,0.1522278537138884,0.6947368421052632,0.6914893617021277,1.0,0.0333333333333333,0.8176100628930818,0.7828205128205128,2,58,0,130,1.0,130,130,391,512.3016450720626,-0.5292307692307691
tcnte,fold_3,seed_3407,lower_body_missing,1.0,0.163399209486166,0.1118481820471912,0.9955156950672646,0.0649752475247524,0.2011021363327545,0.5946192503218932,735,10577,6,1332,2.3737340531330333,0.6842105263157895,0.6842105263157895,1.0,0.0,0.8125000000000001,0.4021794871794872,0,60,0,130,1.0,130,130,64,83.85500072790794,-7.346153846153843
tcnte,fold_3,seed_42,clean,0.0,0.8735177865612648,0.4455980066445182,0.8019431988041853,0.8819837340876945,0.5728777362520021,0.8952908984043825,9977,1335,265,1073,0.0845369323222298,0.7368421052631579,0.7272727272727273,0.9846153846153848,0.2,0.8366013071895426,0.8751282051282051,12,48,2,128,0.9769230769230768,127,130,197,258.1161741155916,0.0771653543307087
tcnte,fold_3,seed_42,random_joint_drop,0.1,0.8277470355731226,0.3579871664978048,0.7922272047832586,0.8319483734087695,0.4931379390555943,0.8868499568166297,9411,1901,278,1060,0.0766566619960215,0.6947368421052632,0.6914893617021277,1.0,0.0333333333333333,0.8176100628930818,0.8661538461538462,2,58,0,130,1.0,130,130,450,589.6054738681028,-0.1676923076923077
tcnte,fold_3,seed_42,random_joint_drop,0.2,0.658893280632411,0.2193098246275693,0.8692077727952168,0.634016973125884,0.3502484565577473,0.8532917673573893,7172,4140,175,1163,0.1717744854198614,0.6842105263157895,0.6842105263157895,1.0,0.0,0.8125000000000001,0.796025641025641,0,60,0,130,1.0,130,130,478,626.2920366865625,-1.5276923076923077
tcnte,fold_3,seed_42,random_joint_drop,0.3,0.3904347826086956,0.1423279829386014,0.9476831091180868,0.324522630834512,0.2474870693861618,0.8269410911702958,3671,7641,70,1268,0.3858063888620482,0.6842105263157895,0.6842105263157895,1.0,0.0,0.8125000000000001,0.752051282051282,0,60,0,130,1.0,130,130,140,183.43281409229863,-5.469230769230767
tcnte,fold_3,seed_42,frame_drop,0.1,0.7310671936758893,0.2618827872634979,0.8482810164424515,0.7172029702970297,0.4002115655853314,0.8707587006298324,8113,3199,203,1135,0.163283053882744,0.7,0.6951871657754011,1.0,0.05,0.8201892744479494,0.8506410256410256,3,57,0,130,0.9923076923076924,129,130,346,453.3410976852523,-0.5906976744186043
tcnte,fold_3,seed_42,frame_drop,0.2,0.5969169960474309,0.1936797524026714,0.8886397608370703,0.5624115983026874,0.3180419954527216,0.8385247857745416,6362,4950,149,1189,0.2821132872085797,0.6842105263157895,0.6842105263157895,1.0,0.0,0.8125000000000001,0.8292307692307693,0,60,0,130,1.0,130,130,348,455.9615664579994,-1.5384615384615383
tcnte,fold_3,seed_42,frame_drop,0.3,0.4860869565217391,0.1611760073500459,0.9177877428998504,0.4350247524752475,0.2741989505414759,0.8045052293105672,4921,6391,110,1228,0.4080575316084232,0.6842105263157895,0.6842105263157895,1.0,0.0,0.8125000000000001,0.7934615384615383,0,60,0,130,1.0,130,130,296,387.8293783665743,-2.41846153846154
tcnte,fold_3,seed_42,confidence_noise,0.1,0.8589723320158102,0.4143625192012288,0.8064275037369207,0.8651874115983027,0.5474378488077117,0.8889873882887969,9787,1525,259,1079,0.0919395575645884,0.7368421052631579,0.7247191011235955,0.9923076923076924,0.1833333333333333,0.8376623376623376,0.8744871794871796,11,49,1,129,0.9846153846153848,128,130,233,305.28461202503985,0.0796875
tcnte,fold_3,seed_42,confidence_noise,0.2,0.8124110671936758,0.3386342376052385,0.8116591928251121,0.8125,0.4778877887788778,0.8762473690914895,9191,2121,252,1086,0.1089088058401002,0.7315789473684211,0.7182320441988951,1.0,0.15,0.8360128617363344,0.865,9,51,0,130,0.9846153846153848,128,130,286,374.7270345028386,0.0296875
tcnte,fold_3,seed_42,confidence_noise,0.3,0.7574703557312253,0.2784323770491803,0.8124065769805681,0.7509724186704385,0.4147272033574972,0.8596620742711683,8495,2817,251,1087,0.1395577725585506,0.7315789473684211,0.7182320441988951,1.0,0.15,0.8360128617363344,0.8567948717948717,9,51,0,130,0.9846153846153848,128,130,309,404.86242538943054,-0.0203124999999999
tcnte,fold_3,seed_42,lower_body_missing,1.0,0.1632411067193676,0.1118294013936697,0.9955156950672646,0.0647984441301273,0.2010717790021888,0.6657355417636575,733,10579,6,1332,2.6996810940226075,0.6842105263157895,0.6842105263157895,1.0,0.0,0.8125000000000001,0.4775641025641025,0,60,0,130,1.0,130,130,63,82.54476634153438,-7.329230769230765
