,,,severity,severity,severity,window_accuracy,window_accuracy,window_accuracy,window_precision,window_precision,window_precision,window_recall,window_recall,window_recall,window_specificity,window_specificity,window_specificity,window_f1,window_f1,window_f1,window_auroc,window_auroc,window_auroc,window_tn,window_tn,window_tn,window_fp,window_fp,window_fp,window_fn,window_fn,window_fn,window_tp,window_tp,window_tp,window_loss,window_loss,window_loss,video_accuracy,video_accuracy,video_accuracy,video_precision,video_precision,video_precision,video_recall,video_recall,video_recall,video_specificity,video_specificity,video_specificity,video_f1,video_f1,video_f1,video_auroc,video_auroc,video_auroc,video_tn,video_tn,video_tn,video_fp,video_fp,video_fp,video_fn,video_fn,video_fn,video_tp,video_tp,video_tp,event_recall,event_recall,event_recall,detected_events,detected_events,detected_events,total_events,total_events,total_events,false_alarms,false_alarms,false_alarms,false_alarms_per_hour,false_alarms_per_hour,false_alarms_per_hour,mean_detection_delay_seconds,mean_detection_delay_seconds,mean_detection_delay_seconds
,,,mean,std,count,mean,std,count,mean,std,count,mean,std,count,mean,std,count,mean,std,count,mean,std,count,mean,std,count,mean,std,count,mean,std,count,mean,std,count,mean,std,count,mean,std,count,mean,std,count,mean,std,count,mean,std,count,mean,std,count,mean,std,count,mean,std,count,mean,std,count,mean,std,count,mean,std,count,mean,std,count,mean,std,count,mean,std,count,mean,std,count,mean,std,count,mean,std,count
model,condition,severity,,,,,,,,,,,,,,,,,,,,,,,,,,,,,,,,,,,,,,,,,,,,,,,,,,,,,,,,,,,,,,,,,,,,,,,,,,,,,,,,,,,,
masked_bimamba,clean,0.0,0.0,0.0,12,0.8326613965744399,0.024413206135574784,12,0.3550347476039613,0.04790136405679826,12,0.6928873941205781,0.06516982442003096,12,0.8491940711928336,0.023143645345649028,12,0.4686899629420938,0.05400536939161254,12,0.8322892589647338,0.039327921709940684,12,9606.083333333334,261.8009161499818,12,1705.9166666666667,261.8009161499816,12,410.9166666666667,87.19722507400145,12,927.0833333333334,87.19722507400138,12,0.2696032407936365,0.1482799011264985,12,0.7271929824561404,0.017066881241830843,12,0.7240335492025691,0.013151919622773393,12,0.9724358974358975,0.01980494809786292,12,0.1958333333333333,0.05908605263648619,12,0.829878780546199,0.01009132572748529,12,0.7571901709401709,0.07900342414501521,12,11.75,3.545163158189171,12,48.25,3.545163158189172,12,3.5833333333333335,2.5746432527221854,12,126.41666666666667,2.5746432527221854,12,0.9416666666666668,0.03659209656864748,12,122.41666666666667,4.756972553924176,12,130.0,0.0,12,218.0,26.48841942503107,12,285.6310962294364,34.706037971361155,12,0.14265557442613142,0.058828207396560334,12
masked_bimamba,confidence_noise,0.1,0.10000000000000002,0.0,12,0.8241436100131753,0.027408266331792816,12,0.3428168982878041,0.048811901428945446,12,0.7001121076233184,0.06402102923545153,12,0.8388142385667138,0.026422129400479284,12,0.45941190899865525,0.05548202055269267,12,0.829886203957119,0.04101723421480225,12,9488.666666666666,298.88712777822144,12,1823.3333333333333,298.8871277782218,12,401.25,85.66013711703415,12,936.75,85.66013711703414,12,0.27455048857320574,0.15063102677245424,12,0.718421052631579,0.017311055038397645,12,0.7162242237710296,0.013946127307719486,12,0.9756410256410257,0.018506162076068804,12,0.16111111111111107,0.06409168516854671,12,0.8258619778058701,0.009621175788554799,12,0.7567307692307693,0.08239874891189872,12,9.666666666666666,3.845501110112801,12,50.333333333333336,3.845501110112802,12,3.1666666666666665,2.4058010698889443,12,126.83333333333333,2.4058010698889456,12,0.9487179487179486,0.034139437099945914,12,123.33333333333333,4.4381268229929685,12,130.0,0.0,12,233.83333333333334,28.280521190173964,12,306.37647401368446,37.0541113279321,12,0.10416176992410077,0.07908669126322095,12
masked_bimamba,confidence_noise,0.2,0.20000000000000004,0.0,12,0.8098880105401846,0.035144128785116274,12,0.32561705641644806,0.05218659174469614,12,0.7119456900847035,0.06131156112662402,12,0.8214727722772278,0.03559488107572658,12,0.445645002018902,0.059055395120381646,12,0.8256196300483668,0.04364301388976124,12,9292.5,402.649294728619,12,2019.5,402.6492947286192,12,385.4166666666667,82.03486878742291,12,952.5833333333334,82.03486878742291,12,0.28019436095255007,0.15376112041167558,12,0.7074561403508772,0.017011459146655535,12,0.7072428612453953,0.012648766949966049,12,0.9775641025641026,0.01980494809786298,12,0.12222222222222218,0.05788063881962906,12,0.8205595098178776,0.010049444465073843,12,0.7554967948717949,0.08630889919977576,12,7.333333333333333,3.4728383291777436,12,52.666666666666664,3.4728383291777436,12,2.9166666666666665,2.5746432527221863,12,127.08333333333333,2.574643252722185,12,0.9557692307692308,0.03314677938087453,12,124.25,4.309081319513687,12,130.0,0.0,12,255.58333333333334,34.57392168392328,12,334.87407191730944,45.29994106206282,12,0.04786810060130981,0.11882948962255482,12
masked_bimamba,confidence_noise,0.3,0.3,0.0,12,0.7933333333333333,0.04431018459159901,12,0.3080913447924791,0.0547601538571493,12,0.7222845042351769,0.05886242457716798,12,0.8017370933521923,0.04665583496382358,12,0.43025588956460986,0.06212359139292384,12,0.8201228982903896,0.04685667921164014,12,9069.25,527.7708051107725,12,2242.75,527.7708051107724,12,371.5833333333333,78.75792408425079,12,966.4166666666666,78.75792408425073,12,0.28503381680221335,0.15845351688226456,12,0.7026315789473685,0.018438132888036075,12,0.7026002227987099,0.014282160988657634,12,0.9814102564102565,0.014468653707625085,12,0.09861111111111108,0.06453341994317588,12,0.8187832969930547,0.009698049510296389,12,0.7533867521367522,0.09356870565878515,12,5.916666666666667,3.8720051965905524,12,54.083333333333336,3.872005196590552,12,2.4166666666666665,1.880924981991251,12,127.58333333333333,1.8809249819912515,12,0.9615384615384616,0.030417570868435773,12,125.0,3.954284212896644,12,130.0,0.0,12,281.1666666666667,40.1040313850532,12,368.3942349686997,52.545680952901265,12,-0.0074259454481809435,0.18018807477724819,12
masked_bimamba,frame_drop,0.1,0.10000000000000002,0.0,12,0.8333069828722003,0.024917671215650517,12,0.3577381668885011,0.04636949396527264,12,0.7001121076233184,0.05987146760759792,12,0.8490614686468647,0.025209225961419057,12,0.4724444481315378,0.05017664580378163,12,0.8372407643350819,0.03621581624133613,12,9604.583333333334,285.16676407557287,12,1707.4166666666667,285.1667640755727,12,401.25,80.10802365896599,12,936.75,80.10802365896598,12,0.2299565123651932,0.12829780695191548,12,0.7223684210526317,0.01385702436131538,12,0.7193595923612123,0.011343079329904802,12,0.9750000000000001,0.014344189857878395,12,0.17499999999999996,0.05100009902941466,12,0.8277810845181962,0.007656345126847281,12,0.7593055555555556,0.0728647075733265,12,10.5,3.0600059417648793,12,49.5,3.060005941764878,12,3.25,1.864744681524183,12,126.75,1.8647446815241842,12,0.9500000000000001,0.026342389093478802,12,123.5,3.4245105821522426,12,130.0,0.0,12,222.25,26.160779109888214,12,291.19959237152403,34.27675236409869,12,0.14449424380410356,0.071728463632279,12
masked_bimamba,frame_drop,0.2,0.20000000000000004,0.0,12,0.8277272727272728,0.024095743568598265,12,0.34929166207565204,0.042345471368769934,12,0.7080842052815147,0.0582632532619586,12,0.8418788307402169,0.024792233647844678,12,0.46682209072124775,0.04642404114258701,12,0.8388454126082051,0.03402332330057857,12,9523.333333333334,280.44974702441834,12,1788.6666666666667,280.44974702441897,12,390.5833333333333,77.9562328645006,12,947.4166666666666,77.95623286450063,12,0.19667535319835083,0.10782114421439475,12,0.7210526315789473,0.01522102748381518,12,0.7162669370559162,0.011425794710556617,12,0.9814102564102565,0.010607341299249652,12,0.15694444444444441,0.048957997527324604,12,0.8280589920567559,0.008209452206401936,12,0.7657692307692309,0.06502111122295576,12,9.416666666666666,2.937479851639476,12,50.583333333333336,2.937479851639476,12,2.4166666666666665,1.378954368902449,12,127.58333333333333,1.3789543689024495,12,0.9551282051282052,0.02070134810009242,12,124.16666666666667,2.6911752530120028,12,130.0,0.0,12,237.5,22.21997463381254,12,311.18066676372086,29.113374829569473,12,0.1066223399232016,0.08616646116848357,12
masked_bimamba,frame_drop,0.3,0.3,0.0,12,0.8143873517786561,0.024553082495677964,12,0.32998975389488067,0.03863265105061987,12,0.7151843547583457,0.054213536800972524,12,0.826121228194248,0.025655785305459547,12,0.45074288662300005,0.0432179153599861,12,0.8342956322778338,0.033977826954952293,12,9345.083333333334,290.21824337535827,12,1966.9166666666667,290.2182433753585,12,381.0833333333333,72.53771223970121,12,956.9166666666666,72.53771223970121,12,0.17167683451347493,0.08731395176671286,12,0.7118421052631579,0.015241694197317225,12,0.7072904331282618,0.009695217590438536,12,0.9878205128205129,0.009539326225939632,12,0.11388888888888883,0.03881667176271051,12,0.8243119545487502,0.008577315180851034,12,0.7750747863247863,0.06181011472655193,12,6.833333333333333,2.32900030576263,12,53.166666666666664,2.3290003057626305,12,1.5833333333333333,1.2401124093721456,12,128.41666666666666,1.2401124093721454,12,0.9602564102564103,0.02406583523001591,12,124.83333333333333,3.1285585799020583,12,130.0,0.0,12,262.1666666666667,18.580700316253537,12,343.49978162760203,24.345072477257514,12,0.034259081516741216,0.11176049364061584,12
masked_bimamba,lower_body_missing,1.0,1.0,0.0,12,0.2879117259552042,0.19315769981646114,12,0.12391270804751038,0.02053868196782423,12,0.9055181863477828,0.19794881983176343,12,0.2148603253182461,0.23652838035441232,12,0.21453454238022793,0.030700059529459034,12,0.6309722267370074,0.07476463303220926,12,2430.5,2675.609038569112,12,8881.5,2675.609038569112,12,126.41666666666667,264.85552093489946,12,1211.5833333333333,264.85552093489946,12,1.672881241035163,1.357735878744974,12,0.6793859649122806,0.027344333652379236,12,0.6851227443124643,0.005672159992461449,12,0.9826923076923076,0.05995560487738422,12,0.0222222222222222,0.04940726101573977,12,0.806732837363335,0.024998580559421855,12,0.4015918803418803,0.08096152154346753,12,1.3333333333333333,2.9644356609443876,12,58.666666666666664,2.9644356609443876,12,2.25,7.794228634059948,12,127.75,7.794228634059948,12,0.9692307692307692,0.10658774200423862,12,126.0,13.856406460551018,12,130.0,0.0,12,127.33333333333333,94.84181407464588,12,166.8365118649002,124.26500606664905,12,-5.449762351469668,2.795243917332517,12
masked_bimamba,random_joint_drop,0.1,0.10000000000000002,0.0,12,0.607931488801054,0.19795589212452624,12,0.22888553296509137,0.11146317639567149,12,0.786123567513702,0.14067214293934918,12,0.5868546676096181,0.23256572503894457,12,0.3334247840169486,0.11060604670669834,12,0.7845636211202799,0.09437411872000102,12,6638.5,2630.7834816405407,12,4673.5,2630.7834816405407,12,286.1666666666667,188.2193272528492,12,1051.8333333333333,188.2193272528492,12,0.355553791634039,0.38064297722963186,12,0.6912280701754386,0.01334004699606154,12,0.6914355377479445,0.01288238982500378,12,0.9923076923076923,0.0157303802506322,12,0.038888888888888876,0.06865715340592496,12,0.814793673136477,0.005479468880571648,12,0.6892948717948718,0.13615202984754213,12,2.3333333333333335,4.119429204355498,12,57.666666666666664,4.119429204355497,12,1.0,2.04494943258218,12,129.0,2.0449494325821815,12,0.983974358974359,0.03238059263311916,12,127.91666666666667,4.209477042305489,12,130.0,0.0,12,301.4166666666667,99.32907505617452,12,394.9264812927643,130.14436970528027,12,-2.0169493974687893,2.242204077354342,12
masked_bimamba,random_joint_drop,0.2,0.20000000000000004,0.0,12,0.5444071146245059,0.23680375389998495,12,0.22348127152774752,0.13410570080859993,12,0.8086696562032886,0.17310998808000783,12,0.5131497524752475,0.2809916764952416,12,0.3138429512783751,0.11249714743834516,12,0.7726125826668189,0.10454834225503941,12,5804.75,3178.5778445141727,12,5507.25,3178.5778445141727,12,256.0,231.62116405105047,12,1082.0,231.62116405105047,12,0.35389924370967174,0.35433696791404357,12,0.6907894736842105,0.0154060298823655,12,0.6925140343558103,0.01815234560186484,12,0.9891025641025641,0.03774982529316784,12,0.04444444444444443,0.10282213075204467,12,0.81395052606255,0.008951358908612404,12,0.6521367521367522,0.12628030992058797,12,2.6666666666666665,6.16932784512268,12,57.333333333333336,6.16932784512268,12,1.4166666666666667,4.907477288111819,12,128.58333333333334,4.907477288111819,12,0.9801282051282052,0.0640617585740606,12,127.41666666666667,8.32802861462787,12,130.0,0.0,12,243.25,140.50307340540147,12,318.71451448536885,184.09195816692568,12,-3.1609205696956093,2.8144976244634123,12
masked_bimamba,random_joint_drop,0.3,0.3,0.0,12,0.4555006587615283,0.2311522061761983,12,0.18309658964954423,0.09762727270725445,12,0.8709516691579472,0.14102636295602025,12,0.4063605021216407,0.2725855670340812,12,0.2824536230916261,0.09555113743565805,12,0.7696036847739066,0.09280937158487804,12,4596.75,3083.4879342895265,12,6715.25,3083.4879342895265,12,172.66666666666666,188.6932736351551,12,1165.3333333333333,188.6932736351551,12,0.3940469745758612,0.3313887279138853,12,0.6877192982456141,0.009343424890511477,12,0.6876654524548104,0.009899654229486353,12,0.9967948717948718,0.011102889792108156,12,0.01805555555555555,0.052923774675715685,12,0.8137482069954762,0.0030866608672067905,12,0.6291880341880342,0.12959320053601134,12,1.0833333333333333,3.1754264805429413,12,58.916666666666664,3.175426480542943,12,0.4166666666666667,1.443375672974064,12,129.58333333333334,1.4433756729740643,12,0.9935897435897436,0.02220577958421631,12,129.16666666666666,2.8867513459481278,12,130.0,0.0,12,204.75,135.2493488473655,12,268.2704906099867,177.20834759445168,12,-4.308771367521366,2.9044920637115,12
tcnte,clean,0.0,0.0,0.0,12,0.8416864295125165,0.03333785038444798,12,0.3817613924571391,0.06721977456390496,12,0.7206651718983558,0.06634873876253573,12,0.8560010018859029,0.038819033834190955,12,0.4950290786730671,0.05681791572253494,12,0.8568344064647496,0.02737255637530055,12,9683.083333333334,439.12091073236803,12,1628.9166666666667,439.1209107323679,12,373.75,88.77461246427279,12,964.25,88.77461246427278,12,0.09555338420386132,0.030468092143543467,12,0.7258771929824562,0.03501687425248245,12,0.720937110396528,0.027492223408028673,12,0.9807692307692308,0.01410786084044209,12,0.17361111111111108,0.11020145311818838,12,0.8307092435552805,0.018686140029838844,12,0.8127991452991453,0.06209431923054219,12,10.416666666666666,6.612087187091302,12,49.583333333333336,6.612087187091301,12,2.5,1.834021909257456,12,127.5,1.8340219092574557,12,0.9698717948717949,0.017497662437696522,12,126.08333333333333,2.2746961169005475,12,130.0,0.0,12,223.66666666666666,55.01955575203707,12,293.05575775221996,72.08851386931624,12,0.12351272955005854,0.1527064318913331,12
tcnte,confidence_noise,0.1,0.10000000000000002,0.0,12,0.8338142292490119,0.039541917258942134,12,0.37081002694700915,0.06988012977508615,12,0.7229073243647234,0.07042962422850751,12,0.8469324611032532,0.0478301904154656,12,0.4849427499674881,0.05736465105383826,12,0.8547164078395347,0.0257277424637682,12,9580.5,541.0551139797464,12,1731.5,541.0551139797464,12,370.75,94.23483721774313,12,967.25,94.2348372177431,12,0.09770583488832425,0.03089526032127311,12,0.7206140350877193,0.03572879272704614,12,0.7166556083776053,0.02732196265527031,12,0.9814102564102565,0.016871610657839112,12,0.15555555555555553,0.10994335854221522,12,0.8280869317121895,0.019288697048773226,12,0.8138782051282051,0.058812185172279575,12,9.333333333333334,6.596601512532913,12,50.666666666666664,6.596601512532914,12,2.4166666666666665,2.1933093855190746,12,127.58333333333333,2.1933093855190733,12,0.9698717948717949,0.0192540651438905,12,126.08333333333333,2.503028468705763,12,130.0,0.0,12,240.66666666666666,63.260404582003645,12,315.32974232057046,82.88595737924479,12,0.09575019646295763,0.18661462303958334,12
tcnte,confidence_noise,0.2,0.20000000000000004,0.0,12,0.8128787878787879,0.05714772829937489,12,0.3455449874305862,0.07826891591382706,12,0.7265196811160938,0.07481614271404602,12,0.8230934700612919,0.0694126147238712,12,0.4607826759473892,0.06508249674271623,12,0.8495809717703032,0.02432954759374441,12,9310.833333333334,785.1954977564313,12,2001.1666666666667,785.1954977564311,12,365.9166666666667,100.10399895139356,12,972.0833333333334,100.10399895139358,12,0.10277895763013335,0.034166998132455016,12,0.7188596491228071,0.030644740865297757,12,0.7149701525406433,0.025393625760531773,12,0.9826923076923078,0.01644100411959276,12,0.1472222222222222,0.10936763443212741,12,0.8273560475890457,0.015583358748896612,12,0.8148290598290598,0.055166608116205176,12,8.833333333333334,6.562058065927645,12,51.166666666666664,6.562058065927644,12,2.25,2.1373305355470453,12,127.75,2.1373305355470413,12,0.9737179487179487,0.018686949456005734,12,126.58333333333333,2.4293034292807385,12,130.0,0.0,12,270.3333333333333,76.09603183219254,12,354.20002911631946,99.70363757311583,12,0.06166101796260392,0.24900195099190936,12
tcnte,confidence_noise,0.3,0.3,0.0,12,0.7893544137022398,0.07578096927212845,12,0.321245446937868,0.08074682535703726,12,0.7308794220229199,0.08202083877116817,12,0.7962709217350307,0.09195455889906404,12,0.43690394501522284,0.06933032892149024,12,0.8412093183713791,0.024133337766258076,12,9007.416666666666,1040.1899702662129,12,2304.5833333333335,1040.1899702662126,12,360.0833333333333,109.74388227582303,12,977.9166666666666,109.74388227582298,12,0.11341245435691179,0.04407033983812926,12,0.712280701754386,0.02876920670195916,12,0.7098471469955182,0.024581894062899685,12,0.9833333333333334,0.019078652451879247,12,0.12499999999999999,0.11043989178267831,12,0.8240912206527152,0.01423118726923036,12,0.8141132478632479,0.05337899410195219,12,7.5,6.6263935069606985,12,52.5,6.6263935069606985,12,2.1666666666666665,2.4802248187442912,12,127.83333333333333,2.480224818744293,12,0.9756410256410257,0.023154492784998305,12,126.83333333333333,3.010084062049771,12,130.0,0.0,12,290.9166666666667,74.00056306092092,12,381.16902023584197,96.95808233342375,12,-0.010179448567456123,0.3103314500282952,12
tcnte,frame_drop,0.1,0.10000000000000002,0.0,12,0.7380368906455863,0.048705390682106026,12,0.2630376559761469,0.04011838925822968,12,0.7816392625809666,0.06144755116934297,12,0.7328795379537953,0.05830245425722824,12,0.3910942616053094,0.041207357061322156,12,0.8404696341270897,0.024723009428862405,12,8290.333333333334,659.5173625577659,12,3021.6666666666665,659.5173625577659,12,292.1666666666667,82.2168234645809,12,1045.8333333333333,82.21682346458091,12,0.13336980924800487,0.04550763930848261,12,0.6899122807017544,0.011543733607995136,12,0.6895682740085308,0.008253886064135952,12,0.9948717948717949,0.006827887419989139,12,0.029166666666666643,0.03835309108741556,12,0.8145133019221946,0.0058293593233652964,12,0.8050961538461539,0.06240261374541356,12,1.75,2.3011854652449344,12,58.25,2.3011854652449366,12,0.6666666666666666,0.8876253645985945,12,129.33333333333334,0.8876253645985975,12,0.9865384615384616,0.016110497948962715,12,128.25,2.0943647333651416,12,130.0,0.0,12,370.8333333333333,66.72580710140069,12,485.8785849468624,87.42644692278436,12,-0.4582032101191864,0.3448186138848148,12
tcnte,frame_drop,0.2,0.20000000000000004,0.0,12,0.6235704874835309,0.07351339597453789,12,0.20137915412826804,0.02967928025436081,12,0.8290981564524166,0.05601741204656591,12,0.599260372465818,0.08718156983132606,12,0.322269598125652,0.03505980449538251,12,0.8217405183123213,0.02234198895383105,12,6778.833333333333,986.1979179319604,12,4533.166666666667,986.1979179319602,12,228.66666666666666,74.95129731830512,12,1109.3333333333333,74.95129731830517,12,0.18838897637433918,0.07384592737693502,12,0.6846491228070176,0.005703287733951734,12,0.6853524667766154,0.004217674421508373,12,0.9967948717948718,0.0039609896195724895,12,0.008333333333333325,0.020719385350268682,12,0.8122300028026532,0.002787535173073491,12,0.7903418803418804,0.06937432955538485,12,0.5,1.243163121016122,12,59.5,1.2431631210161214,12,0.4166666666666667,0.5149286505444373,12,129.58333333333334,0.5149286505444394,12,0.9923076923076923,0.009840033062566573,12,129.0,1.2792042981336658,12,130.0,0.0,12,352.0833333333333,42.96607188623754,12,461.3116902023582,56.2956248327468,12,-1.4217506970177756,0.6832551614179944,12
tcnte,frame_drop,0.3,0.3,0.0,12,0.5228392621870882,0.08614181741241934,12,0.1669517581637218,0.021254598623519607,12,0.8547583457897359,0.056722767653567346,12,0.4835793847241867,0.10195778334787174,12,0.2782006952547898,0.02717250114253373,12,0.7996496108211076,0.0249341254067569,12,5470.25,1153.346445231125,12,5841.75,1153.346445231125,12,194.33333333333334,75.89506312047315,12,1143.6666666666667,75.89506312047315,12,0.24390467278345218,0.10419947896149728,12,0.6846491228070176,0.002710150792339152,12,0.6846746495869303,0.0015497194110337834,12,0.9993589743589744,0.0022205779584215965,12,0.0027777777777777666,0.006487491201345999,12,0.8126142894461861,0.0015572536432773589,12,0.7787606837606837,0.0679309325655624,12,0.16666666666666666,0.3892494720807615,12,59.833333333333336,0.3892494720807613,12,0.08333333333333333,0.28867513459481287,12,129.91666666666666,0.28867513459481414,12,0.9955128205128205,0.007663114768427853,12,129.41666666666666,0.9962049198956183,12,130.0,0.0,12,278.5833333333333,57.20848368957707,12,365.0094628039014,74.95652252237493,12,-2.4514189573854708,1.0554711525068996,12
tcnte,lower_body_missing,1.0,1.0,0.0,12,0.21822793148880104,0.18288143688685163,12,0.12065667607547396,0.030225862483266627,12,0.9395864474339811,0.18740122255899522,12,0.13290458510136724,0.22667869024977982,12,0.20659996578901407,0.01871156518255571,12,0.6207272788257365,0.07103347059428494,12,1503.4166666666667,2564.189344105509,12,9808.583333333334,2564.189344105509,12,80.83333333333333,250.74283578393556,12,1257.1666666666667,250.74283578393556,12,1.7033625306476676,0.9373698027174042,12,0.6763157894736843,0.027348170645824378,12,0.6834992887624467,0.002463799157281485,12,0.9807692307692308,0.06661733875264912,12,0.016666666666666666,0.05773502691896258,12,0.8047437050359713,0.02686859391237696,12,0.46996794871794867,0.041318958910280416,12,1.0,3.4641016151377544,12,59.0,3.464101615137755,12,2.5,8.660254037844387,12,127.5,8.660254037844387,12,0.9724358974358974,0.09548485221213045,12,126.41666666666667,12.413030787576954,12,130.0,0.0,12,71.16666666666667,27.034769980134616,12,93.2450138302518,35.42188525567208,12,-6.6996979074565255,2.1280902395917116,12
tcnte,random_joint_drop,0.1,0.10000000000000002,0.0,12,0.6756916996047431,0.1838106963342445,12,0.27735115217411294,0.1382528224472663,12,0.7747882411559542,0.17478517189826526,12,0.6639704148986327,0.22114044547173603,12,0.37623420372410626,0.11974932169301408,12,0.8338211063258792,0.06099720741711049,12,7510.833333333333,2501.540719176278,12,3801.1666666666665,2501.540719176278,12,301.3333333333333,233.86255999987893,12,1036.6666666666667,233.86255999987893,12,0.16310463263904756,0.09993430273064625,12,0.6929824561403509,0.012562276661891665,12,0.6938535574281001,0.013967912042776587,12,0.9884615384615385,0.02572248133950981,12,0.05277777777777776,0.07971962653712607,12,0.8150106684491304,0.006094314654200309,12,0.7494764957264958,0.11667981250168617,12,3.1666666666666665,4.783177592227564,12,56.833333333333336,4.783177592227565,12,1.5,3.3439225741362764,12,128.5,3.34392257413628,12,0.9775641025641026,0.05211588995015584,12,127.08333333333333,6.775065693520255,12,130.0,0.0,12,330.5833333333333,95.43056336542516,12,433.1416508953266,125.03640563238109,12,-1.4545756116002357,1.7817608710779393,12
tcnte,random_joint_drop,0.2,0.20000000000000004,0.0,12,0.5749802371541503,0.19953701636300397,12,0.21321708832543732,0.09646794427118102,12,0.8343921275535625,0.1371213242445848,12,0.5442966171617162,0.23573672739490978,12,0.3229850362908712,0.09688477351254456,12,0.8057684882437636,0.06850277487724366,12,6157.083333333333,2666.653860291219,12,5154.916666666667,2666.653860291219,12,221.58333333333334,183.46833183925446,12,1116.4166666666667,183.46833183925452,12,0.24557489699221488,0.19078289513237967,12,0.6842105263157895,0.010284299167562055,12,0.685354555719393,0.0050113073713233145,12,0.9955128205128205,0.013306634556504809,12,0.009722222222222208,0.0206685401562024,12,0.8117914337233464,0.0067983599136786955,12,0.6851068376068375,0.13770518656517325,12,0.5833333333333334,1.2401124093721454,12,59.416666666666664,1.2401124093721456,12,0.5833333333333334,1.7298624923456323,12,129.41666666666666,1.72986249234563,12,0.9942307692307693,0.017701426655730306,12,129.25,2.3011854652449344,12,130.0,0.0,12,306.6666666666667,152.08271274261094,12,401.80521182122556,199.26399980834145,12,-2.8364378232010705,2.5245661017065295,12
tcnte,random_joint_drop,0.3,0.3,0.0,12,0.47203557312252964,0.2193801322353575,12,0.17494189789569348,0.06507868196704246,12,0.8746885899352267,0.1132219535340254,12,0.42440918198962757,0.2571105839955994,12,0.28233387730317766,0.07685567369904227,12,0.7750689727044454,0.07298701442198817,12,4800.916666666667,2908.43492615822,12,6511.083333333333,2908.43492615822,12,167.66666666666666,151.490973828526,12,1170.3333333333333,151.490973828526,12,0.4090129565572236,0.42090142640804845,12,0.6842105263157895,0.0022442180669011696,12,0.6845356607998507,0.001040814174094124,12,0.9987179487179487,0.0044411559168432225,12,0.0027777777777777666,0.006487491201345999,12,0.8123014999884629,0.0016599494080766595,12,0.642275641025641,0.14774696206310414,12,0.16666666666666666,0.38924947208076155,12,59.833333333333336,0.38924947208076116,12,0.16666666666666666,0.5773502691896258,12,129.83333333333334,0.5773502691896315,12,0.9980769230769231,0.006661733875264965,12,129.75,0.8660254037844397,12,130.0,0.0,12,254.0,171.39640390838798,12,332.79953413888467,224.56946210154186,12,-4.073727034120734,2.6787111643734725,12
