run,variant,model,fold,seed,window_accuracy,window_precision,window_recall,window_specificity,window_f1,window_auroc,window_tn,window_fp,window_fn,window_tp,window_loss,video_accuracy,video_precision,video_recall,video_specificity,video_f1,video_auroc,video_tn,video_fp,video_fn,video_tp,event_event_recall,event_detected_events,event_total_events,event_false_alarms,event_false_alarms_per_hour,event_mean_detection_delay_seconds,best_epoch
mask_ratio_005/masked_bimamba/fold_0/seed_2026,mask_ratio_005,masked_bimamba,fold_0,seed_2026,0.8653846153846154,0.7029411764705882,0.6602209944751382,0.9224270353302612,0.6809116809116809,0.8462416511783826,1201,101,123,239,0.5001889497812394,0.6612903225806451,0.6086956521739131,0.9032258064516129,0.41935483870967744,0.7272727272727272,0.8397502601456815,13,18,3,28,0.9032258064516129,28,31,22,202.45398773006127,0.457142857142857,46
mask_ratio_005/masked_bimamba/fold_0/seed_3407,mask_ratio_005,masked_bimamba,fold_0,seed_3407,0.8413461538461539,0.6368715083798883,0.6298342541436464,0.9001536098310292,0.6333333333333334,0.8417245886057149,1172,130,134,228,0.7753413616295662,0.7580645161290323,0.6818181818181818,0.967741935483871,0.5483870967741935,0.8,0.9365244536940687,17,14,1,30,0.967741935483871,30,31,20,184.04907975460117,0.44000000000000006,99
mask_ratio_005/masked_bimamba/fold_0/seed_42,mask_ratio_005,masked_bimamba,fold_0,seed_42,0.8713942307692307,0.7371794871794872,0.6353591160220995,0.9370199692780338,0.6824925816023739,0.8706325160611386,1220,82,132,230,0.4512092139667192,0.7419354838709677,0.6666666666666666,0.967741935483871,0.5161290322580645,0.7894736842105263,0.9167533818938606,16,15,1,30,0.967741935483871,30,31,22,202.45398773006127,0.45333333333333337,83
mask_ratio_005/masked_bimamba/fold_1/seed_2026,mask_ratio_005,masked_bimamba,fold_1,seed_2026,0.8321441982726249,0.5046040515653776,0.6061946902654868,0.8783355947535052,0.5507537688442212,0.8000154096772772,1942,269,178,274,0.6493556852651539,0.6153846153846154,0.5714285714285714,0.9230769230769231,0.3076923076923077,0.7058823529411765,0.8139381985535832,12,27,3,36,0.9230769230769231,36,39,35,206.69291338582684,0.3833333333333333,64
mask_ratio_005/masked_bimamba/fold_1/seed_3407,mask_ratio_005,masked_bimamba,fold_1,seed_3407,0.8422831393165603,0.5288808664259927,0.6482300884955752,0.8819538670284939,0.5825049701789263,0.8185850714248548,1950,261,159,293,0.23532615798423043,0.6666666666666666,0.6101694915254238,0.9230769230769231,0.41025641025641024,0.7346938775510206,0.831689677843524,16,23,3,36,0.8974358974358975,35,39,31,183.07086614173235,0.33142857142857135,22
mask_ratio_005/masked_bimamba/fold_1/seed_42,mask_ratio_005,masked_bimamba,fold_1,seed_42,0.8332707472775066,0.5069686411149826,0.6438053097345132,0.872003618272275,0.5672514619883041,0.8103158783716174,1928,283,161,291,0.5090252316444609,0.5769230769230769,0.5454545454545454,0.9230769230769231,0.23076923076923078,0.6857142857142856,0.8224852071005917,9,30,3,36,0.9230769230769231,36,39,47,277.55905511811034,0.26111111111111107,68
mask_ratio_005/masked_bimamba/fold_2/seed_2026,mask_ratio_005,masked_bimamba,fold_2,seed_2026,0.8937533368926855,0.6856287425149701,0.7089783281733746,0.932258064516129,0.6971080669710807,0.939614501148507,1445,105,94,229,0.05445674276183266,0.8095238095238095,0.7317073170731707,0.967741935483871,0.65625,0.8333333333333334,0.9516129032258064,21,11,1,30,0.967741935483871,30,31,16,131.92853870819974,0.43333333333333335,22
mask_ratio_005/masked_bimamba/fold_2/seed_3407,mask_ratio_005,masked_bimamba,fold_2,seed_3407,0.9049652963160705,0.6975476839237057,0.7925696594427245,0.9283870967741935,0.7420289855072465,0.9311065614700889,1439,111,67,256,0.2591678596135296,0.7936507936507936,0.7045454545454546,1.0,0.59375,0.8266666666666667,0.9546370967741935,19,13,0,31,1.0,31,31,20,164.91067338524965,0.13548387096774192,99
mask_ratio_005/masked_bimamba/fold_2/seed_42,mask_ratio_005,masked_bimamba,fold_2,seed_42,0.8974906567004806,0.7133550488599348,0.6780185758513931,0.9432258064516129,0.6952380952380952,0.9139518625786477,1462,88,104,219,0.28119086235393626,0.8095238095238095,0.7209302325581395,1.0,0.625,0.8378378378378378,0.967741935483871,20,12,0,31,1.0,31,31,19,156.66513971598718,0.12258064516129033,79
mask_ratio_005/masked_bimamba/fold_3/seed_2026,mask_ratio_005,masked_bimamba,fold_3,seed_2026,0.8825644098262433,0.5678571428571428,0.6794871794871795,0.9156794425087108,0.6186770428015564,0.8674052235027844,1314,121,75,159,0.4021861293875976,0.7192982456140351,0.6486486486486487,0.8888888888888888,0.5666666666666667,0.75,0.8506172839506173,17,13,3,24,0.8518518518518519,23,27,18,166.15384615384616,0.2,53
mask_ratio_005/masked_bimamba/fold_3/seed_3407,mask_ratio_005,masked_bimamba,fold_3,seed_3407,0.8879568603954464,0.5760517799352751,0.7606837606837606,0.9087108013937282,0.6556169429097606,0.8702194824146045,1304,131,56,178,0.29883175893380187,0.7543859649122807,0.6666666666666666,0.9629629629629629,0.5666666666666667,0.7878787878787878,0.8567901234567902,17,13,1,26,0.9259259259259259,25,27,18,166.15384615384616,0.11199999999999999,41
mask_ratio_005/masked_bimamba/fold_3/seed_42,mask_ratio_005,masked_bimamba,fold_3,seed_42,0.8585979628520072,0.4972067039106145,0.7606837606837606,0.8745644599303136,0.6013513513513513,0.843277048155097,1255,180,56,178,0.14762750871193808,0.6842105263157895,0.6046511627906976,0.9629629629629629,0.43333333333333335,0.7428571428571429,0.8629629629629629,13,17,1,26,0.8888888888888888,24,27,25,230.76923076923077,0.0,25
mask_ratio_010/masked_bimamba/fold_0/seed_2026,mask_ratio_010,masked_bimamba,fold_0,seed_2026,0.8551682692307693,0.6753623188405797,0.643646408839779,0.9139784946236559,0.659123055162659,0.8514949376649609,1190,112,129,233,0.39561923988171305,0.6774193548387096,0.6222222222222222,0.9032258064516129,0.45161290322580644,0.7368421052631579,0.8428720083246617,14,17,3,28,0.9032258064516129,28,31,23,211.65644171779135,0.48571428571428565,39
mask_ratio_010/masked_bimamba/fold_0/seed_3407,mask_ratio_010,masked_bimamba,fold_0,seed_3407,0.8503605769230769,0.649867374005305,0.6767955801104972,0.8986175115207373,0.6630581867388363,0.8503895409527203,1170,132,117,245,0.6806697217795352,0.7419354838709677,0.6666666666666666,0.967741935483871,0.5161290322580645,0.7894736842105263,0.9209157127991676,16,15,1,30,0.967741935483871,30,31,22,202.45398773006127,0.24666666666666667,83
mask_ratio_010/masked_bimamba/fold_0/seed_42,mask_ratio_010,masked_bimamba,fold_0,seed_42,0.8485576923076923,0.6328502415458938,0.7237569060773481,0.8832565284178188,0.6752577319587629,0.8843396474611944,1150,152,100,262,0.2023857833656411,0.7096774193548387,0.6382978723404256,0.967741935483871,0.45161290322580644,0.7692307692307693,0.9001040582726326,14,17,1,30,0.967741935483871,30,31,25,230.06134969325146,0.4133333333333333,35
mask_ratio_010/masked_bimamba/fold_1/seed_2026,mask_ratio_010,masked_bimamba,fold_1,seed_2026,0.843409688321442,0.5373134328358209,0.5575221238938053,0.9018543645409317,0.5472312703583062,0.7911718559255213,1994,217,200,252,0.376488620520248,0.6923076923076923,0.6363636363636364,0.8974358974358975,0.48717948717948717,0.7446808510638298,0.8040762656147271,19,20,4,35,0.8717948717948718,34,39,28,165.35433070866148,0.40588235294117636,28
mask_ratio_010/masked_bimamba/fold_1/seed_3407,mask_ratio_010,masked_bimamba,fold_1,seed_3407,0.8437852046564025,0.5342205323193916,0.6216814159292036,0.8891904115784712,0.574642126789366,0.8180267207806503,1966,245,171,281,0.2345178723503135,0.6794871794871795,0.6296296296296297,0.8717948717948718,0.48717948717948717,0.7311827956989246,0.8330046022353714,19,20,5,34,0.8717948717948718,34,39,27,159.44881889763784,0.34117647058823514,22
mask_ratio_010/masked_bimamba/fold_1/seed_42,mask_ratio_010,masked_bimamba,fold_1,seed_42,0.843409688321442,0.5352112676056338,0.588495575221239,0.8955223880597015,0.5605900948366702,0.8172092073822361,1980,231,186,266,0.36197578814824943,0.7051282051282052,0.6333333333333333,0.9743589743589743,0.4358974358974359,0.7676767676767675,0.8560157790927021,17,22,1,38,0.9743589743589743,38,39,34,200.78740157480323,0.3894736842105262,39
mask_ratio_010/masked_bimamba/fold_2/seed_2026,mask_ratio_010,masked_bimamba,fold_2,seed_2026,0.8852108916177256,0.652542372881356,0.7151702786377709,0.9206451612903226,0.6824224519940916,0.9375511834615,1427,123,92,231,0.053218461835664414,0.8095238095238095,0.7317073170731707,0.967741935483871,0.65625,0.8333333333333334,0.9465725806451613,21,11,1,30,0.967741935483871,30,31,17,140.1740723774622,0.4266666666666667,22
mask_ratio_010/masked_bimamba/fold_2/seed_3407,mask_ratio_010,masked_bimamba,fold_2,seed_3407,0.8857447944474106,0.6365914786967418,0.7863777089783281,0.9064516129032258,0.703601108033241,0.9042404873664236,1405,145,69,254,0.07745544851080848,0.7142857142857143,0.6382978723404256,0.967741935483871,0.46875,0.7692307692307693,0.9506048387096774,15,17,1,30,0.967741935483871,30,31,36,296.83921209344936,0.08666666666666666,31
mask_ratio_010/masked_bimamba/fold_2/seed_42,mask_ratio_010,masked_bimamba,fold_2,seed_42,0.8852108916177256,0.6370558375634517,0.7770897832817337,0.9077419354838709,0.7001394700139469,0.921805652651553,1407,143,72,251,0.050999767996780514,0.6984126984126984,0.62,1.0,0.40625,0.7654320987654321,0.9506048387096774,13,19,0,31,1.0,31,31,31,255.61154374713698,0.07096774193548387,25
mask_ratio_010/masked_bimamba/fold_3/seed_2026,mask_ratio_010,masked_bimamba,fold_3,seed_2026,0.8669862192929898,0.5205479452054794,0.6495726495726496,0.9024390243902439,0.5779467680608366,0.8592066470115252,1295,140,82,152,0.6456525591915332,0.7017543859649122,0.631578947368421,0.8888888888888888,0.5333333333333333,0.7384615384615385,0.8185185185185185,16,14,3,24,0.8518518518518519,23,27,19,175.3846153846154,0.21739130434782608,92
mask_ratio_010/masked_bimamba/fold_3/seed_3407,mask_ratio_010,masked_bimamba,fold_3,seed_3407,0.8585979628520072,0.49712643678160917,0.7393162393162394,0.8780487804878049,0.5945017182130584,0.8582536704487924,1260,175,61,173,0.21814947141308746,0.6842105263157895,0.6046511627906976,0.9629629629629629,0.43333333333333335,0.7428571428571429,0.8444444444444444,13,17,1,26,0.9259259259259259,25,27,20,184.6153846153846,0.07200000000000001,31
mask_ratio_010/masked_bimamba/fold_3/seed_42,mask_ratio_010,masked_bimamba,fold_3,seed_42,0.8496105452366687,0.477088948787062,0.7564102564102564,0.864808362369338,0.5851239669421487,0.8367521367521367,1241,194,57,177,0.16542333053562225,0.6842105263157895,0.6046511627906976,0.9629629629629629,0.43333333333333335,0.7428571428571429,0.874074074074074,13,17,1,26,0.8888888888888888,24,27,27,249.23076923076923,-0.05833333333333333,25
mask_ratio_020/masked_bimamba/fold_0/seed_2026,mask_ratio_020,masked_bimamba,fold_0,seed_2026,0.8719951923076923,0.7134670487106017,0.6878453038674033,0.9231950844854071,0.70042194092827,0.865164939616909,1202,100,113,249,0.8202861263348903,0.7096774193548387,0.6511627906976745,0.9032258064516129,0.5161290322580645,0.7567567567567568,0.8511966701352757,16,15,3,28,0.9032258064516129,28,31,21,193.25153374233122,0.41428571428571426,87
mask_ratio_020/masked_bimamba/fold_0/seed_3407,mask_ratio_020,masked_bimamba,fold_0,seed_3407,0.8191105769230769,0.5792207792207792,0.6160220994475138,0.8755760368663594,0.5970548862115127,0.8331826938581528,1140,162,139,223,0.7257557032801112,0.7580645161290323,0.6904761904761905,0.9354838709677419,0.5806451612903226,0.7945205479452055,0.890738813735692,18,13,2,29,0.9354838709677419,29,31,17,156.44171779141098,0.613793103448276,76
mask_ratio_020/masked_bimamba/fold_0/seed_42,mask_ratio_020,masked_bimamba,fold_0,seed_42,0.8611778846153846,0.6701298701298701,0.712707182320442,0.9024577572964669,0.6907630522088354,0.9006394751805551,1175,127,104,258,0.180664367987237,0.7258064516129032,0.6458333333333334,1.0,0.45161290322580644,0.7848101265822784,0.9261186264308012,14,17,0,31,1.0,31,31,21,193.25153374233122,0.335483870967742,35
mask_ratio_020/masked_bimamba/fold_1/seed_2026,mask_ratio_020,masked_bimamba,fold_1,seed_2026,0.8310176492677431,0.5020746887966805,0.5353982300884956,0.8914518317503393,0.5182012847965739,0.7763285343195527,1971,240,210,242,0.31373468701704255,0.6282051282051282,0.5925925925925926,0.8205128205128205,0.4358974358974359,0.6881720430107526,0.7810650887573964,17,22,7,32,0.7948717948717948,31,39,32,188.97637795275597,0.32258064516129037,23
mask_ratio_020/masked_bimamba/fold_1/seed_3407,mask_ratio_020,masked_bimamba,fold_1,seed_3407,0.8456627863312054,0.5386064030131826,0.6327433628318584,0.8891904115784712,0.5818921668362157,0.8027201082279671,1966,245,166,286,0.8664143549437854,0.6538461538461539,0.603448275862069,0.8974358974358975,0.41025641025641024,0.7216494845360825,0.8159105851413544,16,23,4,35,0.8974358974358975,35,39,29,171.2598425196851,0.297142857142857,90
mask_ratio_020/masked_bimamba/fold_1/seed_42,mask_ratio_020,masked_bimamba,fold_1,seed_42,0.8351483289523094,0.5117967332123412,0.6238938053097345,0.8783355947535052,0.5623130608175474,0.8079083664541332,1942,269,170,282,0.5648824072598053,0.6538461538461539,0.59375,0.9743589743589743,0.3333333333333333,0.7378640776699028,0.8198553583168968,13,26,1,38,0.9743589743589743,38,39,40,236.22047244094495,0.32631578947368406,75
mask_ratio_020/masked_bimamba/fold_2/seed_2026,mask_ratio_020,masked_bimamba,fold_2,seed_2026,0.8841430859583556,0.6402116402116402,0.7492260061919505,0.912258064516129,0.6904422253922967,0.930226705283132,1414,136,81,242,0.048080020934717256,0.746031746031746,0.6666666666666666,0.967741935483871,0.53125,0.7894736842105263,0.9475806451612903,17,15,1,30,0.967741935483871,30,31,22,181.40174072377462,0.3866666666666667,22
mask_ratio_020/masked_bimamba/fold_2/seed_3407,mask_ratio_020,masked_bimamba,fold_2,seed_3407,0.9113721302722905,0.752411575562701,0.7244582043343654,0.9503225806451613,0.7381703470031546,0.921260361530011,1473,77,89,234,0.2591201760059072,0.7936507936507936,0.7142857142857143,0.967741935483871,0.625,0.821917808219178,0.9415322580645161,20,12,1,30,0.967741935483871,30,31,17,140.1740723774622,0.20666666666666667,67
mask_ratio_020/masked_bimamba/fold_2/seed_42,mask_ratio_020,masked_bimamba,fold_2,seed_42,0.8617191671115857,0.5698689956331878,0.8080495356037152,0.8729032258064516,0.6683738796414852,0.9230120842904225,1353,197,62,261,0.06509875016683764,0.6507936507936508,0.5849056603773585,1.0,0.3125,0.738095238095238,0.969758064516129,10,22,0,31,1.0,31,31,36,296.83921209344936,0.12258064516129032,35
mask_ratio_020/masked_bimamba/fold_3/seed_2026,mask_ratio_020,masked_bimamba,fold_3,seed_2026,0.8759736369083283,0.5434083601286174,0.7222222222222222,0.9010452961672474,0.6201834862385321,0.873203490276661,1293,142,65,169,0.4871077095099162,0.7368421052631579,0.6578947368421053,0.9259259259259259,0.5666666666666667,0.7692307692307692,0.8530864197530863,17,13,2,25,0.8888888888888888,24,27,16,147.69230769230768,0.15000000000000002,71
mask_ratio_020/masked_bimamba/fold_3/seed_3407,mask_ratio_020,masked_bimamba,fold_3,seed_3407,0.8795686039544638,0.5544554455445545,0.717948717948718,0.9059233449477352,0.6256983240223464,0.8673813990887161,1300,135,66,168,0.2859014166486123,0.7719298245614035,0.6842105263157895,0.9629629629629629,0.6,0.7999999999999999,0.8691358024691357,18,12,1,26,0.9259259259259259,25,27,17,156.9230769230769,0.03200000000000002,41
mask_ratio_020/masked_bimamba/fold_3/seed_42,mask_ratio_020,masked_bimamba,fold_3,seed_42,0.8753744757339724,0.5411392405063291,0.7307692307692307,0.8989547038327527,0.6218181818181818,0.8650317162512284,1290,145,63,171,0.39778595322404353,0.7368421052631579,0.65,0.9629629629629629,0.5333333333333333,0.7761194029850746,0.8617283950617284,16,14,1,26,0.8888888888888888,24,27,21,193.84615384615384,0.12500000000000003,60
mask_ratio_030/masked_bimamba/fold_0/seed_2026,mask_ratio_030,masked_bimamba,fold_0,seed_2026,0.8563701923076923,0.6772334293948127,0.649171270718232,0.9139784946236559,0.6629055007052186,0.8402075854401643,1190,112,127,235,0.7862880638236203,0.7096774193548387,0.6511627906976745,0.9032258064516129,0.5161290322580645,0.7567567567567568,0.8283038501560874,16,15,3,28,0.9032258064516129,28,31,21,193.25153374233122,0.4357142857142856,70
mask_ratio_030/masked_bimamba/fold_0/seed_3407,mask_ratio_030,masked_bimamba,fold_0,seed_3407,0.8479567307692307,0.6561604584527221,0.6325966850828729,0.9078341013824884,0.6441631504922645,0.8315065644864255,1182,120,133,229,0.7414045485995232,0.7580645161290323,0.7,0.9032258064516129,0.6129032258064516,0.7887323943661972,0.8720083246618106,19,12,3,28,0.9032258064516129,28,31,14,128.83435582822082,0.5357142857142858,81
mask_ratio_030/masked_bimamba/fold_0/seed_42,mask_ratio_030,masked_bimamba,fold_0,seed_42,0.8515625,0.6549865229110512,0.6712707182320442,0.901689708141321,0.6630286493860846,0.8853548726566013,1174,128,119,243,0.22552904809708707,0.7258064516129032,0.6458333333333334,1.0,0.45161290322580644,0.7848101265822784,0.9125910509885536,14,17,0,31,1.0,31,31,22,202.45398773006127,0.4903225806451614,32
mask_ratio_030/masked_bimamba/fold_1/seed_2026,mask_ratio_030,masked_bimamba,fold_1,seed_2026,0.8201276755538865,0.4747663551401869,0.5619469026548672,0.8729081863410222,0.5146909827760892,0.7773421708833146,1930,281,198,254,0.3458973519130562,0.6282051282051282,0.5862068965517241,0.8717948717948718,0.38461538461538464,0.7010309278350514,0.7764628533859304,15,24,5,34,0.8461538461538461,33,39,38,224.40944881889772,0.25454545454545463,24
mask_ratio_030/masked_bimamba/fold_1/seed_3407,mask_ratio_030,masked_bimamba,fold_1,seed_3407,0.8253849042433345,0.48853615520282184,0.6128318584070797,0.8688376300316599,0.5436702649656526,0.813109132535232,1921,290,175,277,0.30761887666664756,0.6538461538461539,0.6,0.9230769230769231,0.38461538461538464,0.7272727272727274,0.8224852071005917,15,24,3,36,0.9230769230769231,36,39,32,188.97637795275597,0.26111111111111107,26
mask_ratio_030/masked_bimamba/fold_1/seed_42,mask_ratio_030,masked_bimamba,fold_1,seed_42,0.8205031918888471,0.47619047619047616,0.5752212389380531,0.8706467661691543,0.5210420841683367,0.7828076031747939,1925,286,192,260,0.6640958870880703,0.6282051282051282,0.5806451612903226,0.9230769230769231,0.3333333333333333,0.7128712871287128,0.777120315581854,13,26,3,36,0.9230769230769231,36,39,40,236.22047244094495,0.4055555555555555,79
mask_ratio_030/masked_bimamba/fold_2/seed_2026,mask_ratio_030,masked_bimamba,fold_2,seed_2026,0.8788040576615056,0.6311475409836066,0.7151702786377709,0.9129032258064517,0.6705370101596517,0.9110036951962448,1415,135,92,231,0.05389586668033938,0.7619047619047619,0.6904761904761905,0.9354838709677419,0.59375,0.7945205479452055,0.9435483870967742,19,13,2,29,0.9354838709677419,29,31,26,214.38387540082456,0.42068965517241375,22
mask_ratio_030/masked_bimamba/fold_2/seed_3407,mask_ratio_030,masked_bimamba,fold_2,seed_3407,0.8734650293646556,0.6080402010050251,0.7492260061919505,0.8993548387096775,0.6712898751733702,0.9154658943373614,1394,156,81,242,0.07956269544696468,0.7301587301587301,0.6458333333333334,1.0,0.46875,0.7848101265822784,0.9576612903225806,15,17,0,31,1.0,31,31,25,206.13834173156206,0.25161290322580643,35
mask_ratio_030/masked_bimamba/fold_2/seed_42,mask_ratio_030,masked_bimamba,fold_2,seed_42,0.8788040576615056,0.616504854368932,0.7863777089783281,0.8980645161290323,0.6911564625850339,0.930184759812244,1392,158,69,254,0.15421981509129268,0.7142857142857143,0.6326530612244898,1.0,0.4375,0.775,0.9606854838709677,14,18,0,31,1.0,31,31,28,230.87494273934954,-0.13548387096774195,67
mask_ratio_030/masked_bimamba/fold_3/seed_2026,mask_ratio_030,masked_bimamba,fold_3,seed_2026,0.871779508687837,0.5316455696202531,0.717948717948718,0.8968641114982578,0.610909090909091,0.8698382917895113,1287,148,66,168,0.6349735837237278,0.7368421052631579,0.6666666666666666,0.8888888888888888,0.6,0.761904761904762,0.8419753086419753,18,12,3,24,0.8518518518518519,23,27,18,166.15384615384616,0.10434782608695654,95
mask_ratio_030/masked_bimamba/fold_3/seed_3407,mask_ratio_030,masked_bimamba,fold_3,seed_3407,0.871779508687837,0.5314465408805031,0.7222222222222222,0.8961672473867596,0.6123188405797102,0.8541022662973883,1286,149,65,169,0.6599195687503706,0.7719298245614035,0.6944444444444444,0.9259259259259259,0.6333333333333333,0.7936507936507936,0.8481481481481482,19,11,2,25,0.8888888888888888,24,27,15,138.46153846153845,0.11666666666666665,98
mask_ratio_030/masked_bimamba/fold_3/seed_42,mask_ratio_030,masked_bimamba,fold_3,seed_42,0.8639904134212103,0.5117845117845118,0.6495726495726496,0.8989547038327527,0.5725047080979284,0.8316239316239316,1290,145,82,152,0.30985877147656427,0.7719298245614035,0.6842105263157895,0.9629629629629629,0.6,0.7999999999999999,0.8555555555555556,18,12,1,26,0.8888888888888888,24,27,22,203.07692307692307,0.29166666666666663,39
no_bidirectional/masked_bimamba/fold_0/seed_2026,no_bidirectional,masked_bimamba,fold_0,seed_2026,0.8245192307692307,0.5825471698113207,0.6823204419889503,0.8640552995391705,0.6284987277353689,0.8481150970457689,1125,177,115,247,0.2937342970757387,0.6774193548387096,0.6170212765957447,0.9354838709677419,0.41935483870967744,0.7435897435897436,0.8366285119667014,13,18,2,29,0.9354838709677419,29,31,25,230.06134969325146,0.44137931034482775,47
no_bidirectional/masked_bimamba/fold_0/seed_3407,no_bidirectional,masked_bimamba,fold_0,seed_3407,0.8413461538461539,0.6243654822335025,0.6795580110497238,0.8863287250384024,0.6507936507936508,0.8746976602082644,1154,148,116,246,0.2818244505066944,0.7580645161290323,0.6818181818181818,0.967741935483871,0.5483870967741935,0.8,0.8511966701352758,17,14,1,30,0.967741935483871,30,31,22,202.45398773006127,0.4866666666666666,42
no_bidirectional/masked_bimamba/fold_0/seed_42,no_bidirectional,masked_bimamba,fold_0,seed_42,0.8491586538461539,0.6520547945205479,0.6574585635359116,0.9024577572964669,0.6547455295735901,0.8334139572777962,1175,127,124,238,0.3503019412343677,0.7258064516129032,0.6521739130434783,0.967741935483871,0.4838709677419355,0.7792207792207793,0.8480749219562955,15,16,1,30,0.967741935483871,30,31,19,174.8466257668711,0.56,46
no_bidirectional/masked_bimamba/fold_1/seed_2026,no_bidirectional,masked_bimamba,fold_1,seed_2026,0.8310176492677431,0.5017064846416383,0.6504424778761062,0.8679330619629128,0.5664739884393063,0.809390297106583,1919,292,158,294,0.5263201742456793,0.6410256410256411,0.5901639344262295,0.9230769230769231,0.358974358974359,0.7200000000000001,0.7981591058514135,14,25,3,36,0.9230769230769231,36,39,39,230.31496062992133,0.1888888888888888,65
no_bidirectional/masked_bimamba/fold_1/seed_3407,no_bidirectional,masked_bimamba,fold_1,seed_3407,0.83552384528727,0.5148305084745762,0.5376106194690266,0.8964269561284487,0.5259740259740259,0.8148617331684298,1982,229,209,243,0.19928358723537123,0.6282051282051282,0.5925925925925926,0.8205128205128205,0.4358974358974359,0.6881720430107526,0.789612097304405,17,22,7,32,0.8205128205128205,32,39,35,206.69291338582684,0.33124999999999993,22
no_bidirectional/masked_bimamba/fold_1/seed_42,no_bidirectional,masked_bimamba,fold_1,seed_42,0.8377769432970334,0.5190114068441065,0.6039823008849557,0.8855721393034826,0.5582822085889572,0.8026060365909792,1958,253,179,273,0.6222927543130772,0.6282051282051282,0.5833333333333334,0.8974358974358975,0.358974358974359,0.7070707070707071,0.7961867192636422,14,25,4,35,0.8974358974358975,35,39,40,236.22047244094495,0.45714285714285713,99
no_bidirectional/masked_bimamba/fold_2/seed_2026,no_bidirectional,masked_bimamba,fold_2,seed_2026,0.8878804057661506,0.6459948320413437,0.7739938080495357,0.9116129032258065,0.704225352112676,0.9178587835813441,1413,137,73,250,0.12386155733118656,0.6984126984126984,0.625,0.967741935483871,0.4375,0.759493670886076,0.9465725806451613,14,18,1,30,0.967741935483871,30,31,31,255.61154374713698,0.10666666666666672,56
no_bidirectional/masked_bimamba/fold_2/seed_3407,no_bidirectional,masked_bimamba,fold_2,seed_3407,0.8675920982381207,0.5949367088607594,0.7275541795665634,0.896774193548387,0.6545961002785514,0.9116708279236992,1390,160,88,235,0.06486404655740914,0.7301587301587301,0.6458333333333334,1.0,0.46875,0.7848101265822784,0.96875,15,17,0,31,1.0,31,31,26,214.38387540082456,0.3096774193548388,28
no_bidirectional/masked_bimamba/fold_2/seed_42,no_bidirectional,masked_bimamba,fold_2,seed_42,0.8958889482114255,0.6739130434782609,0.7678018575851393,0.9225806451612903,0.7178002894356006,0.9150903825027465,1430,120,75,248,0.07763270912189743,0.6825396825396826,0.6078431372549019,1.0,0.375,0.7560975609756097,0.9364919354838709,12,20,0,31,1.0,31,31,32,263.8570774163995,0.14838709677419354,38
no_bidirectional/masked_bimamba/fold_3/seed_2026,no_bidirectional,masked_bimamba,fold_3,seed_2026,0.8568004793289394,0.49271137026239065,0.7222222222222222,0.8787456445993032,0.58578856152513,0.8631734119538997,1261,174,65,169,0.16250309396039644,0.7368421052631579,0.65,0.9629629629629629,0.5333333333333333,0.7761194029850746,0.837037037037037,16,14,1,26,0.9259259259259259,25,27,20,184.6153846153846,0.07200000000000001,30
no_bidirectional/masked_bimamba/fold_3/seed_3407,no_bidirectional,masked_bimamba,fold_3,seed_3407,0.8765727980826843,0.5445859872611465,0.7307692307692307,0.9003484320557491,0.624087591240876,0.8515798564579051,1292,143,63,171,0.5102297070810672,0.7017543859649122,0.6190476190476191,0.9629629629629629,0.4666666666666667,0.7536231884057971,0.8419753086419752,14,16,1,26,0.9259259259259259,25,27,21,193.84615384615384,0.12,96
no_bidirectional/masked_bimamba/fold_3/seed_42,no_bidirectional,masked_bimamba,fold_3,seed_42,0.8633912522468544,0.5084745762711864,0.7692307692307693,0.8787456445993032,0.6122448979591837,0.8581524166890021,1261,174,54,180,0.20677686667928016,0.7017543859649122,0.6190476190476191,0.9629629629629629,0.4666666666666667,0.7536231884057971,0.8617283950617285,14,16,1,26,0.8888888888888888,24,27,22,203.07692307692307,0.14166666666666672,40
no_confidence_input/masked_bimamba/fold_0/seed_2026,no_confidence_input,masked_bimamba,fold_0,seed_2026,0.8533653846153846,0.6398104265402843,0.7458563535911602,0.8832565284178188,0.6887755102040817,0.8984880888730471,1150,152,92,270,0.32458663563758705,0.7580645161290323,0.6739130434782609,1.0,0.5161290322580645,0.8051948051948052,0.8886576482830384,16,15,0,31,1.0,31,31,20,184.04907975460117,0.36129032258064514,50
no_confidence_input/masked_bimamba/fold_0/seed_3407,no_confidence_input,masked_bimamba,fold_0,seed_3407,0.8401442307692307,0.6395348837209303,0.6077348066298343,0.9047619047619048,0.623229461756374,0.8638876866019977,1178,124,142,220,0.5121334537753472,0.7096774193548387,0.6511627906976745,0.9032258064516129,0.5161290322580645,0.7567567567567568,0.8563995837669094,16,15,3,28,0.9032258064516129,28,31,21,193.25153374233122,0.5285714285714287,52
no_confidence_input/masked_bimamba/fold_0/seed_42,no_confidence_input,masked_bimamba,fold_0,seed_42,0.8293269230769231,0.59375,0.6823204419889503,0.8701996927803379,0.634961439588689,0.8744388149128837,1133,169,115,247,0.5248738229545062,0.7096774193548387,0.6382978723404256,0.967741935483871,0.45161290322580644,0.7692307692307693,0.8595213319458898,14,17,1,30,0.967741935483871,30,31,29,266.8711656441717,0.18000000000000005,71
no_confidence_input/masked_bimamba/fold_1/seed_2026,no_confidence_input,masked_bimamba,fold_1,seed_2026,0.8516710476905746,0.5555555555555556,0.6305309734513275,0.8968792401628223,0.5906735751295337,0.8311939898256104,1983,228,167,285,0.28006307641971034,0.6025641025641025,0.5625,0.9230769230769231,0.28205128205128205,0.6990291262135923,0.8803418803418804,11,28,3,36,0.9230769230769231,36,39,42,248.0314960629922,0.2944444444444444,25
no_confidence_input/masked_bimamba/fold_1/seed_3407,no_confidence_input,masked_bimamba,fold_1,seed_3407,0.8648141194141945,0.5995670995670995,0.6128318584070797,0.9163274536408865,0.6061269146608315,0.8354606693003207,2026,185,175,277,0.2351830284489956,0.717948717948718,0.6491228070175439,0.9487179487179487,0.48717948717948717,0.7708333333333334,0.8645627876397107,19,20,2,37,0.9487179487179487,37,39,27,159.44881889763784,0.4432432432432431,22
no_confidence_input/masked_bimamba/fold_1/seed_42,no_confidence_input,masked_bimamba,fold_1,seed_42,0.8486669170108899,0.5415959252971138,0.7057522123893806,0.8778833107191316,0.6128722382324688,0.8452688288245018,1941,270,133,319,0.24616166292904823,0.6153846153846154,0.5692307692307692,0.9487179487179487,0.28205128205128205,0.7115384615384616,0.8915187376725837,11,28,2,37,0.9487179487179487,37,39,47,277.55905511811034,0.32972972972972964,25
no_confidence_input/masked_bimamba/fold_2/seed_2026,no_confidence_input,masked_bimamba,fold_2,seed_2026,0.9017618793379605,0.6843501326259946,0.7987616099071208,0.9232258064516129,0.7371428571428571,0.9164526116049136,1431,119,65,258,0.19387767544285123,0.7301587301587301,0.6521739130434783,0.967741935483871,0.5,0.7792207792207793,0.9556451612903225,16,16,1,30,0.967741935483871,30,31,23,189.6472743930371,0.11333333333333336,46
no_confidence_input/masked_bimamba/fold_2/seed_3407,no_confidence_input,masked_bimamba,fold_2,seed_3407,0.9012279765082755,0.6854838709677419,0.7894736842105263,0.9245161290322581,0.7338129496402878,0.9418755617696994,1433,117,68,255,0.2237234393909214,0.7777777777777778,0.6888888888888889,1.0,0.5625,0.8157894736842105,0.9566532258064516,18,14,0,31,1.0,31,31,26,214.38387540082456,0.19354838709677422,83
no_confidence_input/masked_bimamba/fold_2/seed_42,no_confidence_input,masked_bimamba,fold_2,seed_42,0.8467698878804057,0.5365853658536586,0.8173374613003096,0.8529032258064516,0.6478527607361964,0.906893039049236,1322,228,59,264,0.0808683080719043,0.6825396825396826,0.6078431372549019,1.0,0.375,0.7560975609756097,0.9616935483870968,12,20,0,31,1.0,31,31,30,247.36601007787448,-0.05806451612903229,22
no_confidence_input/masked_bimamba/fold_3/seed_2026,no_confidence_input,masked_bimamba,fold_3,seed_2026,0.8591971240263631,0.49859943977591037,0.7606837606837606,0.8752613240418119,0.6023688663282573,0.8627147919830848,1256,179,56,178,0.21638590197234847,0.631578947368421,0.5681818181818182,0.9259259259259259,0.36666666666666664,0.7042253521126761,0.8185185185185185,11,19,2,25,0.9259259259259259,25,27,28,258.46153846153845,0.007999999999999998,32
no_confidence_input/masked_bimamba/fold_3/seed_3407,no_confidence_input,masked_bimamba,fold_3,seed_3407,0.8544038346315159,0.48753462603878117,0.7521367521367521,0.8710801393728222,0.5915966386554622,0.8449179546740522,1250,185,58,176,0.5904310431131039,0.6491228070175439,0.5853658536585366,0.8888888888888888,0.43333333333333335,0.7058823529411764,0.7950617283950617,13,17,3,24,0.8518518518518519,23,27,26,240.0,0.18260869565217389,72
no_confidence_input/masked_bimamba/fold_3/seed_42,no_confidence_input,masked_bimamba,fold_3,seed_42,0.8831635710005992,0.5619047619047619,0.7564102564102564,0.9038327526132404,0.6448087431693988,0.8708240269215879,1297,138,57,177,0.37378514691156606,0.7368421052631579,0.6578947368421053,0.9259259259259259,0.5666666666666667,0.7692307692307692,0.8432098765432099,17,13,2,25,0.8888888888888888,24,27,20,184.6153846153846,0.10833333333333334,47
no_confidence_or_quality/masked_bimamba/fold_0/seed_2026,no_confidence_or_quality,masked_bimamba,fold_0,seed_2026,0.8563701923076923,0.6467780429594272,0.7486187845303868,0.8863287250384024,0.6939820742637645,0.8991903658629733,1154,148,91,271,0.3169349830919401,0.7580645161290323,0.6739130434782609,1.0,0.5161290322580645,0.8051948051948052,0.8980228928199792,16,15,0,31,1.0,31,31,20,184.04907975460117,0.3677419354838709,50
no_confidence_or_quality/masked_bimamba/fold_0/seed_3407,no_confidence_or_quality,masked_bimamba,fold_0,seed_3407,0.8509615384615384,0.6826923076923077,0.5883977900552486,0.923963133640553,0.6320474777448071,0.8694910507421646,1203,99,149,213,0.6545996999843825,0.7096774193548387,0.6511627906976745,0.9032258064516129,0.5161290322580645,0.7567567567567568,0.8803329864724245,16,15,3,28,0.9032258064516129,28,31,20,184.04907975460117,0.5071428571428572,65
no_confidence_or_quality/masked_bimamba/fold_0/seed_42,no_confidence_or_quality,masked_bimamba,fold_0,seed_42,0.8551682692307693,0.6555269922879178,0.7044198895027625,0.8970814132104454,0.6790945406125166,0.8954392307627026,1168,134,107,255,0.4382000572325137,0.7580645161290323,0.6818181818181818,0.967741935483871,0.5483870967741935,0.8,0.8761706555671176,17,14,1,30,0.967741935483871,30,31,25,230.06134969325146,0.25333333333333335,64
no_confidence_or_quality/masked_bimamba/fold_1/seed_2026,no_confidence_or_quality,masked_bimamba,fold_1,seed_2026,0.851295531355614,0.5551181102362205,0.6238938053097345,0.8977838082315694,0.5875,0.8312590306712615,1985,226,170,282,0.28002842546063306,0.6025641025641025,0.5625,0.9230769230769231,0.28205128205128205,0.6990291262135923,0.8790269559500328,11,28,3,36,0.9230769230769231,36,39,43,253.93700787401582,0.2944444444444444,25
no_confidence_or_quality/masked_bimamba/fold_1/seed_3407,no_confidence_or_quality,masked_bimamba,fold_1,seed_3407,0.8648141194141945,0.5991379310344828,0.6150442477876106,0.9158751696065129,0.6069868995633187,0.8353445964065435,2025,186,174,278,0.2351267601395186,0.7051282051282052,0.6379310344827587,0.9487179487179487,0.46153846153846156,0.7628865979381444,0.8658777120315583,18,21,2,37,0.9487179487179487,37,39,28,165.35433070866148,0.4378378378378377,22
no_confidence_or_quality/masked_bimamba/fold_1/seed_42,no_confidence_or_quality,masked_bimamba,fold_1,seed_42,0.8377769432970334,0.5186567164179104,0.6150442477876106,0.8833107191316146,0.562753036437247,0.8000774486377444,1953,258,174,278,0.12305992540675717,0.6410256410256411,0.5932203389830508,0.8974358974358975,0.38461538461538464,0.7142857142857142,0.8047337278106509,15,24,4,35,0.8974358974358975,35,39,39,230.31496062992133,0.297142857142857,12
no_confidence_or_quality/masked_bimamba/fold_2/seed_2026,no_confidence_or_quality,masked_bimamba,fold_2,seed_2026,0.9022957821676455,0.6955307262569832,0.7708978328173375,0.9296774193548387,0.7312775330396476,0.9360411465095376,1441,109,74,249,0.2040236499329472,0.746031746031746,0.6666666666666666,0.967741935483871,0.53125,0.7894736842105263,0.9637096774193549,17,15,1,30,0.967741935483871,30,31,23,189.6472743930371,0.16,66
no_confidence_or_quality/masked_bimamba/fold_2/seed_3407,no_confidence_or_quality,masked_bimamba,fold_2,seed_3407,0.9012279765082755,0.6927374301675978,0.7678018575851393,0.9290322580645162,0.7283406754772395,0.9395625686607411,1440,110,75,248,0.26236253015951866,0.7142857142857143,0.6326530612244898,1.0,0.4375,0.775,0.9616935483870968,14,18,0,31,1.0,31,31,27,222.62940907008704,0.14838709677419357,100
no_confidence_or_quality/masked_bimamba/fold_2/seed_42,no_confidence_or_quality,masked_bimamba,fold_2,seed_42,0.8435664709022958,0.5297619047619048,0.826625386996904,0.8470967741935483,0.6457073760580411,0.9117567162688505,1313,237,56,267,0.07835121847414678,0.7142857142857143,0.6326530612244898,1.0,0.4375,0.775,0.9637096774193548,14,18,0,31,1.0,31,31,32,263.8570774163995,-0.09677419354838715,22
no_confidence_or_quality/masked_bimamba/fold_3/seed_2026,no_confidence_or_quality,masked_bimamba,fold_3,seed_2026,0.8669862192929898,0.5201342281879194,0.6623931623931624,0.9003484320557491,0.5827067669172933,0.8534530510140266,1292,143,79,155,0.45785474815325605,0.6842105263157895,0.6153846153846154,0.8888888888888888,0.5,0.7272727272727274,0.8074074074074074,15,15,3,24,0.8888888888888888,24,27,26,240.0,0.2416666666666667,56
no_confidence_or_quality/masked_bimamba/fold_3/seed_3407,no_confidence_or_quality,masked_bimamba,fold_3,seed_3407,0.8514080287597364,0.47953216374269003,0.7008547008547008,0.8759581881533101,0.5694444444444444,0.8360642067959142,1257,178,70,164,0.6715989110723023,0.6842105263157895,0.6153846153846154,0.8888888888888888,0.5,0.7272727272727274,0.7888888888888889,15,15,3,24,0.8518518518518519,23,27,18,166.15384615384616,0.2260869565217391,73
no_confidence_or_quality/masked_bimamba/fold_3/seed_42,no_confidence_or_quality,masked_bimamba,fold_3,seed_42,0.8861593768723787,0.5718954248366013,0.7478632478632479,0.9087108013937282,0.6481481481481481,0.8697489502367551,1304,131,59,175,0.3717208199600145,0.7192982456140351,0.6410256410256411,0.9259259259259259,0.5333333333333333,0.7575757575757577,0.8407407407407408,16,14,2,25,0.8888888888888888,24,27,21,193.84615384615384,0.09999999999999999,47
no_frame_masking/masked_bimamba/fold_0/seed_2026,no_frame_masking,masked_bimamba,fold_0,seed_2026,0.8719951923076923,0.7442622950819672,0.6270718232044199,0.9400921658986175,0.6806596701649176,0.8564066332289465,1224,78,135,227,0.4021079634385387,0.7419354838709677,0.6829268292682927,0.9032258064516129,0.5806451612903226,0.7777777777777778,0.8636836628511967,18,13,3,28,0.9032258064516129,28,31,16,147.23926380368093,0.5999999999999999,34
no_frame_masking/masked_bimamba/fold_0/seed_3407,no_frame_masking,masked_bimamba,fold_0,seed_3407,0.8461538461538461,0.6456043956043956,0.649171270718232,0.9009216589861752,0.6473829201101927,0.861863601259431,1173,129,127,235,0.20028123415361804,0.7419354838709677,0.6595744680851063,1.0,0.4838709677419355,0.7948717948717948,0.9292403746097815,15,16,0,31,1.0,31,31,20,184.04907975460117,0.49677419354838703,25
no_frame_masking/masked_bimamba/fold_0/seed_42,no_frame_masking,masked_bimamba,fold_0,seed_42,0.8443509615384616,0.6235011990407674,0.7182320441988951,0.879416282642089,0.6675224646983312,0.8676473084332647,1145,157,102,260,0.25245080104706663,0.6935483870967742,0.625,0.967741935483871,0.41935483870967744,0.759493670886076,0.8949011446409989,13,18,1,30,0.967741935483871,30,31,22,202.45398773006127,0.4200000000000001,31
no_frame_masking/masked_bimamba/fold_1/seed_2026,no_frame_masking,masked_bimamba,fold_1,seed_2026,0.8389034923019152,0.5211786372007366,0.6261061946902655,0.8824061510628675,0.5688442211055276,0.8053927866700287,1951,260,169,283,0.2633113664117828,0.6282051282051282,0.5806451612903226,0.9230769230769231,0.3333333333333333,0.7128712871287128,0.8297172912557528,13,26,3,36,0.9230769230769231,36,39,37,218.50393700787407,0.34999999999999987,24
no_frame_masking/masked_bimamba/fold_1/seed_3407,no_frame_masking,masked_bimamba,fold_1,seed_3407,0.8539241457003379,0.5646817248459959,0.6084070796460177,0.9041157847127996,0.5857294994675186,0.8084226894489739,1999,212,177,275,0.5206024327785423,0.717948717948718,0.6545454545454545,0.9230769230769231,0.5128205128205128,0.7659574468085106,0.8336620644312952,20,19,3,36,0.8974358974358975,35,39,24,141.73228346456696,0.3085714285714285,50
no_frame_masking/masked_bimamba/fold_1/seed_42,no_frame_masking,masked_bimamba,fold_1,seed_42,0.8497934660157717,0.5494296577946768,0.6393805309734514,0.89280868385346,0.591002044989775,0.8225695736922788,1974,237,163,289,0.6140521352506868,0.6025641025641025,0.5625,0.9230769230769231,0.28205128205128205,0.6990291262135923,0.8481262327416174,11,28,3,36,0.9230769230769231,36,39,45,265.74803149606305,0.3222222222222222,100
no_frame_masking/masked_bimamba/fold_2/seed_2026,no_frame_masking,masked_bimamba,fold_2,seed_2026,0.8750667378537106,0.5956989247311828,0.8575851393188855,0.8787096774193548,0.7030456852791879,0.9423409567562169,1362,188,46,277,0.04092164240674068,0.6984126984126984,0.62,1.0,0.40625,0.7654320987654321,0.9485887096774194,13,19,0,31,1.0,31,31,35,288.5936784241869,-0.051612903225806424,20
no_frame_masking/masked_bimamba/fold_2/seed_3407,no_frame_masking,masked_bimamba,fold_2,seed_3407,0.9054991991457555,0.6834170854271356,0.8421052631578947,0.9187096774193548,0.7545076282940361,0.930020972735444,1424,126,51,272,0.20891958246192177,0.7936507936507936,0.7045454545454546,1.0,0.59375,0.8266666666666667,0.9506048387096774,19,13,0,31,1.0,31,31,21,173.15620705451215,0.045161290322580636,81
no_frame_masking/masked_bimamba/fold_2/seed_42,no_frame_masking,masked_bimamba,fold_2,seed_42,0.9065670048051254,0.7151162790697675,0.7616099071207431,0.9367741935483871,0.7376311844077962,0.9282832317986617,1452,98,77,246,0.24475724166612767,0.7619047619047619,0.6739130434782609,1.0,0.53125,0.8051948051948052,0.9495967741935484,17,15,0,31,1.0,31,31,23,189.6472743930371,0.12258064516129033,95
no_frame_masking/masked_bimamba/fold_3/seed_2026,no_frame_masking,masked_bimamba,fold_3,seed_2026,0.8849610545236669,0.575,0.688034188034188,0.9170731707317074,0.6264591439688716,0.8642574227940081,1316,119,73,161,0.5859859732876664,0.7719298245614035,0.7058823529411765,0.8888888888888888,0.6666666666666666,0.7868852459016393,0.825925925925926,20,10,3,24,0.8518518518518519,23,27,15,138.46153846153845,0.16521739130434784,84
no_frame_masking/masked_bimamba/fold_3/seed_3407,no_frame_masking,masked_bimamba,fold_3,seed_3407,0.8705811863391252,0.5266272189349113,0.7606837606837606,0.8885017421602788,0.6223776223776224,0.858223889931207,1275,160,56,178,0.2102005946884627,0.7543859649122807,0.6666666666666666,0.9629629629629629,0.5666666666666667,0.7878787878787878,0.8481481481481481,17,13,1,26,0.9259259259259259,25,27,14,129.23076923076923,0.08800000000000001,31
no_frame_masking/masked_bimamba/fold_3/seed_42,no_frame_masking,masked_bimamba,fold_3,seed_42,0.8795686039544638,0.5523809523809524,0.7435897435897436,0.9017421602787457,0.6338797814207651,0.8734983174007563,1294,141,60,174,0.38837833326799,0.7192982456140351,0.6341463414634146,0.9629629629629629,0.5,0.7647058823529412,0.8802469135802469,15,15,1,26,0.8888888888888888,24,27,19,175.3846153846154,0.15000000000000002,70
no_quality_pooling/masked_bimamba/fold_0/seed_2026,no_quality_pooling,masked_bimamba,fold_0,seed_2026,0.8311298076923077,0.6046511627906976,0.6464088397790055,0.8824884792626728,0.6248331108144193,0.8408865239198513,1149,153,128,234,0.36080497940006,0.6451612903225806,0.5957446808510638,0.9032258064516129,0.3870967741935484,0.7179487179487178,0.8387096774193549,12,19,3,28,0.9032258064516129,28,31,25,230.06134969325146,0.42142857142857143,39
no_quality_pooling/masked_bimamba/fold_0/seed_3407,no_quality_pooling,masked_bimamba,fold_0,seed_3407,0.7722355769230769,0.4849023090586146,0.7541436464088398,0.7772657450076805,0.5902702702702702,0.8410520151742751,1012,290,89,273,0.4184995201559594,0.6612903225806451,0.5961538461538461,1.0,0.3225806451612903,0.7469879518072289,0.890738813735692,10,21,0,31,1.0,31,31,33,303.6809815950919,0.10322580645161297,52
no_quality_pooling/masked_bimamba/fold_0/seed_42,no_quality_pooling,masked_bimamba,fold_0,seed_42,0.8713942307692307,0.7067039106145251,0.6988950276243094,0.9193548387096774,0.7027777777777777,0.904789486637642,1197,105,109,253,0.2018183922057058,0.7903225806451613,0.7142857142857143,0.967741935483871,0.6129032258064516,0.821917808219178,0.9198751300728408,19,12,1,30,0.967741935483871,30,31,14,128.83435582822082,0.4733333333333332,35
no_quality_pooling/masked_bimamba/fold_1/seed_2026,no_quality_pooling,masked_bimamba,fold_1,seed_2026,0.8310176492677431,0.5020242914979757,0.5486725663716814,0.8887381275440976,0.5243128964059196,0.778384825670521,1965,246,204,248,0.293882129539729,0.6410256410256411,0.6037735849056604,0.8205128205128205,0.46153846153846156,0.6956521739130435,0.7856673241288626,18,21,7,32,0.7948717948717948,31,39,30,177.1653543307087,0.2709677419354839,23
no_quality_pooling/masked_bimamba/fold_1/seed_3407,no_quality_pooling,masked_bimamba,fold_1,seed_3407,0.840781073976718,0.5286885245901639,0.5707964601769911,0.8959746720940751,0.5489361702127659,0.8134158251381869,1981,230,194,258,0.2341766881088856,0.6923076923076923,0.6415094339622641,0.8717948717948718,0.5128205128205128,0.7391304347826088,0.8251150558842866,20,19,5,34,0.8717948717948718,34,39,26,153.54330708661422,0.43529411764705866,22
no_quality_pooling/masked_bimamba/fold_1/seed_42,no_quality_pooling,masked_bimamba,fold_1,seed_42,0.8287645512579798,0.4965635738831615,0.6393805309734514,0.8674807779285392,0.5589941972920696,0.8130666058284602,1918,293,163,289,0.5407961915279754,0.6410256410256411,0.5846153846153846,0.9743589743589743,0.3076923076923077,0.7307692307692307,0.8356344510190664,12,27,1,38,0.9743589743589743,38,39,47,277.55905511811034,0.32631578947368417,75
no_quality_pooling/masked_bimamba/fold_2/seed_2026,no_quality_pooling,masked_bimamba,fold_2,seed_2026,0.8846769887880406,0.6465753424657534,0.7306501547987616,0.9167741935483871,0.686046511627907,0.9362568660741035,1421,129,87,236,0.05005142168881291,0.7777777777777778,0.6976744186046512,0.967741935483871,0.59375,0.810810810810811,0.9506048387096775,19,13,1,30,0.967741935483871,30,31,19,156.66513971598718,0.4066666666666666,22
no_quality_pooling/masked_bimamba/fold_2/seed_3407,no_quality_pooling,masked_bimamba,fold_2,seed_3407,0.9177789642285105,0.7463556851311953,0.7925696594427245,0.9438709677419355,0.7687687687687687,0.9274862678517927,1463,87,67,256,0.07987338059531596,0.746031746031746,0.6595744680851063,1.0,0.5,0.7948717948717948,0.967741935483871,16,16,0,31,1.0,31,31,22,181.40174072377462,0.18709677419354837,35
no_quality_pooling/masked_bimamba/fold_2/seed_42,no_quality_pooling,masked_bimamba,fold_2,seed_42,0.9103043246129204,0.723342939481268,0.7770897832817337,0.9380645161290323,0.7492537313432834,0.9316188954359333,1454,96,72,251,0.23589489787048432,0.7777777777777778,0.6888888888888889,1.0,0.5625,0.8157894736842105,0.9727822580645161,18,14,0,31,1.0,31,31,22,181.40174072377462,0.14838709677419357,84
no_quality_pooling/masked_bimamba/fold_3/seed_2026,no_quality_pooling,masked_bimamba,fold_3,seed_2026,0.8687837028160575,0.5239616613418531,0.7008547008547008,0.8961672473867596,0.5996343692870202,0.862026862026862,1286,149,70,164,0.46652222530071147,0.7894736842105263,0.7027027027027027,0.9629629629629629,0.6333333333333333,0.8125,0.8444444444444444,19,11,1,26,0.9259259259259259,25,27,13,120.0,0.192,63
no_quality_pooling/masked_bimamba/fold_3/seed_3407,no_quality_pooling,masked_bimamba,fold_3,seed_3407,0.8855602156980228,0.5738831615120275,0.7136752136752137,0.913588850174216,0.6361904761904762,0.8684713660323414,1311,124,67,167,0.2907608869258725,0.7719298245614035,0.6842105263157895,0.9629629629629629,0.6,0.7999999999999999,0.8703703703703703,18,12,1,26,0.9259259259259259,25,27,17,156.9230769230769,0.023999999999999994,41
no_quality_pooling/masked_bimamba/fold_3/seed_42,no_quality_pooling,masked_bimamba,fold_3,seed_42,0.8795686039544638,0.5520504731861199,0.7478632478632479,0.9010452961672474,0.6352087114337568,0.8525209208136036,1293,142,59,175,0.4052846551132814,0.7543859649122807,0.6666666666666666,0.9629629629629629,0.5666666666666667,0.7878787878787878,0.8790123456790123,17,13,1,26,0.8888888888888888,24,27,22,203.07692307692307,0.21666666666666676,56
no_temporal_attention/masked_bimamba/fold_0/seed_2026,no_temporal_attention,masked_bimamba,fold_0,seed_2026,0.8617788461538461,0.6783783783783783,0.6933701657458563,0.9086021505376344,0.6857923497267758,0.8414084578761105,1183,119,111,251,0.4228429513258071,0.6935483870967742,0.6363636363636364,0.9032258064516129,0.4838709677419355,0.7466666666666666,0.8397502601456817,15,16,3,28,0.9032258064516129,28,31,23,211.65644171779135,0.4142857142857142,97
no_temporal_attention/masked_bimamba/fold_0/seed_3407,no_temporal_attention,masked_bimamba,fold_0,seed_3407,0.8425480769230769,0.6470588235294118,0.6077348066298343,0.9078341013824884,0.6267806267806268,0.7959429182473202,1182,120,142,220,0.46655979400608116,0.7096774193548387,0.6382978723404256,0.967741935483871,0.45161290322580644,0.7692307692307693,0.8491155046826223,14,17,1,30,0.967741935483871,30,31,23,211.65644171779135,0.4066666666666666,83
no_temporal_attention/masked_bimamba/fold_0/seed_42,no_temporal_attention,masked_bimamba,fold_0,seed_42,0.8419471153846154,0.6164705882352941,0.7237569060773481,0.8748079877112135,0.6658195679796697,0.8396517045599206,1139,163,100,262,0.3379768794715906,0.6129032258064516,0.5636363636363636,1.0,0.22580645161290322,0.7209302325581396,0.8501560874089491,7,24,0,31,1.0,31,31,36,331.2883435582821,0.40645161290322585,89
no_temporal_attention/masked_bimamba/fold_1/seed_2026,no_temporal_attention,masked_bimamba,fold_1,seed_2026,0.8358993616222306,0.5133689839572193,0.6371681415929203,0.8765264586160109,0.5686080947680159,0.7939195814971802,1938,273,164,288,0.21198159818010495,0.6666666666666666,0.6101694915254238,0.9230769230769231,0.41025641025641024,0.7346938775510206,0.8211702827087441,16,23,3,36,0.9230769230769231,36,39,42,248.0314960629922,0.1722222222222222,37
no_temporal_attention/masked_bimamba/fold_1/seed_3407,no_temporal_attention,masked_bimamba,fold_1,seed_3407,0.8595568907247465,0.5727611940298507,0.6792035398230089,0.8964269561284487,0.6214574898785425,0.8186070852495367,1982,229,145,307,0.4597601569885436,0.6794871794871795,0.6166666666666667,0.9487179487179487,0.41025641025641024,0.7474747474747475,0.8257725180802105,16,23,2,37,0.9487179487179487,37,39,35,206.69291338582684,0.24864864864864852,99
no_temporal_attention/masked_bimamba/fold_1/seed_42,no_temporal_attention,masked_bimamba,fold_1,seed_42,0.8220052572286894,0.482484076433121,0.6703539823008849,0.8530076888285844,0.5611111111111111,0.8280280015849953,1886,325,149,303,0.17876571797917223,0.6666666666666666,0.6101694915254238,0.9230769230769231,0.41025641025641024,0.7346938775510206,0.8816568047337279,16,23,3,36,0.9230769230769231,36,39,42,248.0314960629922,0.16111111111111112,52
no_temporal_attention/masked_bimamba/fold_2/seed_2026,no_temporal_attention,masked_bimamba,fold_2,seed_2026,0.8996262680192205,0.6717557251908397,0.8173374613003096,0.9167741935483871,0.7374301675977654,0.9385718565864377,1421,129,59,264,0.11954439842682152,0.6666666666666666,0.6,0.967741935483871,0.375,0.7407407407407407,0.90625,12,20,1,30,0.967741935483871,30,31,27,222.62940907008704,0.07999999999999999,93
no_temporal_attention/masked_bimamba/fold_2/seed_3407,no_temporal_attention,masked_bimamba,fold_2,seed_3407,0.8745328350240257,0.606280193236715,0.7770897832817337,0.8948387096774194,0.6811397557666213,0.9119324877659043,1387,163,72,251,0.1349727504358871,0.6984126984126984,0.62,1.0,0.40625,0.7654320987654321,0.9233870967741935,13,19,0,31,1.0,31,31,34,280.3481447549244,0.0451612903225806,89
no_temporal_attention/masked_bimamba/fold_2/seed_42,no_temporal_attention,masked_bimamba,fold_2,seed_42,0.8814735718099306,0.6516516516516516,0.6718266253869969,0.9251612903225807,0.6615853658536585,0.8929751323279735,1434,116,106,217,0.12609544468226158,0.7301587301587301,0.6521739130434783,0.967741935483871,0.5,0.7792207792207793,0.9112903225806451,16,16,1,30,0.967741935483871,30,31,27,222.62940907008704,0.1866666666666666,67
no_temporal_attention/masked_bimamba/fold_3/seed_2026,no_temporal_attention,masked_bimamba,fold_3,seed_2026,0.8394248052726183,0.4519774011299435,0.6837606837606838,0.864808362369338,0.5442176870748299,0.8279103010810328,1241,194,74,160,0.23543844731631167,0.6842105263157895,0.6046511627906976,0.9629629629629629,0.43333333333333335,0.7428571428571429,0.8382716049382715,13,17,1,26,0.9259259259259259,25,27,26,240.0,0.12000000000000004,51
no_temporal_attention/masked_bimamba/fold_3/seed_3407,no_temporal_attention,masked_bimamba,fold_3,seed_3407,0.8514080287597364,0.47770700636942676,0.6410256410256411,0.8857142857142857,0.5474452554744526,0.8460198338247118,1271,164,84,150,0.1676726460494793,0.7017543859649122,0.625,0.9259259259259259,0.5,0.7462686567164178,0.8123456790123458,15,15,2,25,0.9259259259259259,25,27,15,138.46153846153845,0.05600000000000002,38
no_temporal_attention/masked_bimamba/fold_3/seed_42,no_temporal_attention,masked_bimamba,fold_3,seed_42,0.8370281605751947,0.45320197044334976,0.7863247863247863,0.8452961672473868,0.5750000000000001,0.8318472855058221,1213,222,50,184,0.3176789670831643,0.6491228070175439,0.5777777777777777,0.9629629629629629,0.36666666666666664,0.7222222222222221,0.808641975308642,11,19,1,26,0.9259259259259259,25,27,28,258.46153846153845,0.023999999999999994,78
