path,video_path
Subject_1/ADL/01,
Subject_1/ADL/02,
Subject_1/ADL/03,
Subject_1/ADL/04,
Subject_1/ADL/05,
Subject_1/ADL/06,
Subject_1/ADL/07,
Subject_1/ADL/08,
Subject_1/ADL/09,
Subject_1/ADL/10,
Subject_1/ADL/11,
Subject_1/ADL/12,
Subject_1/ADL/13,
Subject_1/ADL/14,
Subject_1/ADL/15,
Subject_1/ADL/16,
Subject_1/Fall/01,
Subject_1/Fall/02,
Subject_1/Fall/03,
Subject_1/Fall/04,
Subject_1/Fall/05,
Subject_1/Fall/06,
Subject_1/Fall/07,
Subject_1/Fall/08,
Subject_1/Fall/09,
Subject_1/Fall/10,
Subject_1/Fall/11,
Subject_1/Fall/12,
Subject_1/Fall/13,
Subject_1/Fall/14,
Subject_1/Fall/15,
Subject_1/Fall/16,
Subject_2/ADL/01,
Subject_2/ADL/02,
Subject_2/ADL/03,
Subject_2/ADL/04,
Subject_2/ADL/05,
Subject_2/ADL/06,
Subject_2/ADL/07,
Subject_2/ADL/08,
Subject_2/ADL/09,
Subject_2/ADL/10,
Subject_2/ADL/11,
Subject_2/ADL/12,
Subject_2/ADL/13,
Subject_2/ADL/14,
Subject_2/ADL/15,
Subject_2/ADL/16,
Subject_2/ADL/17,
Subject_2/ADL/18,
Subject_2/ADL/19,
Subject_2/ADL/20,
Subject_2/ADL/21,
Subject_2/ADL/22,
Subject_2/ADL/23,
Subject_2/Fall/01,
Subject_2/Fall/02,
Subject_2/Fall/03,
Subject_2/Fall/04,
Subject_2/Fall/05,
Subject_2/Fall/06,
Subject_2/Fall/07,
Subject_2/Fall/08,
Subject_2/Fall/09,
Subject_2/Fall/10,
Subject_2/Fall/11,
Subject_2/Fall/12,
Subject_2/Fall/13,
Subject_2/Fall/14,
Subject_2/Fall/15,
Subject_2/Fall/16,
Subject_2/Fall/17,
Subject_2/Fall/18,
Subject_2/Fall/19,
Subject_2/Fall/20,
Subject_2/Fall/21,
Subject_2/Fall/22,
Subject_2/Fall/23,
Subject_2/Fall/24,
Subject_2/Fall/25,
Subject_3/ADL/01,
Subject_3/ADL/02,
Subject_3/ADL/03,
Subject_3/ADL/04,
Subject_3/ADL/05,
Subject_3/ADL/06,
Subject_3/ADL/07,
Subject_3/ADL/08,
Subject_3/ADL/09,
Subject_3/ADL/10,
Subject_3/ADL/11,
Subject_3/ADL/12,
Subject_3/ADL/13,
Subject_3/ADL/14,
Subject_3/ADL/15,
Subject_3/ADL/16,
Subject_3/ADL/17,
Subject_3/ADL/18,
Subject_3/ADL/19,
Subject_3/ADL/20,
Subject_3/ADL/21,
Subject_3/ADL/22,
Subject_3/Fall/01,
Subject_3/Fall/02,
Subject_3/Fall/03,
Subject_3/Fall/04,
Subject_3/Fall/05,
Subject_3/Fall/06,
Subject_3/Fall/07,
Subject_3/Fall/08,
Subject_3/Fall/09,
Subject_3/Fall/10,
Subject_3/Fall/11,
Subject_3/Fall/12,
Subject_3/Fall/13,
Subject_3/Fall/14,
Subject_3/Fall/15,
Subject_3/Fall/16,
Subject_3/Fall/17,
Subject_3/Fall/18,
Subject_3/Fall/19,
Subject_3/Fall/20,
Subject_3/Fall/21,
Subject_4/ADL/01,
Subject_4/ADL/02,
Subject_4/ADL/03,
Subject_4/ADL/04,
Subject_4/ADL/05,
Subject_4/ADL/06,
Subject_4/ADL/07,
Subject_4/ADL/08,
Subject_4/ADL/09,
Subject_4/ADL/10,
Subject_4/ADL/11,
Subject_4/ADL/12,
Subject_4/ADL/13,
Subject_4/ADL/14,
Subject_4/ADL/15,
Subject_4/ADL/16,
Subject_4/ADL/17,
Subject_4/ADL/18,
Subject_4/ADL/19,
Subject_4/ADL/20,
Subject_4/Fall/01,
Subject_4/Fall/02,
Subject_4/Fall/03,
Subject_4/Fall/04,
Subject_4/Fall/05,
Subject_4/Fall/06,
Subject_4/Fall/07,
Subject_4/Fall/08,
Subject_4/Fall/09,
Subject_4/Fall/10,
Subject_4/Fall/11,
Subject_4/Fall/12,
Subject_4/Fall/13,
Subject_4/Fall/14,
Subject_4/Fall/15,
Subject_4/Fall/16,
Subject_4/Fall/17,
